step,loss,grad_norm,lr,reward,reward_std,kl,mean_len,clipped
1,0.0,0.13778209686279297,0.0,0.7208856344223022,0.11490997672080994,0.0,390.5625,0.0
2,-0.0,0.13864445686340332,3.125e-07,0.661021888256073,0.06422046571969986,0.0,404.6875,0.0
3,0.0,0.13497895002365112,6.25e-07,0.6331760287284851,0.04202346131205559,0.0004724058962892741,400.9375,0.0
4,0.0,0.13788844645023346,9.375000000000001e-07,0.6491339206695557,0.11198937147855759,0.0005362008814699948,397.3125,0.0
5,0.0,0.13046465814113617,1.25e-06,0.47063690423965454,0.13925087451934814,0.0006196949689183384,420.1875,0.0
6,0.0,0.14592278003692627,1.5625e-06,0.7292752265930176,0.06698582321405411,0.0007940953655634075,390.75,0.0
7,0.0,0.13003699481487274,1.8750000000000003e-06,0.6550202369689941,0.1119581013917923,0.0005191243399167433,399.0,0.0
8,0.0,0.14920537173748016,2.1875000000000002e-06,0.8122667074203491,0.05234021693468094,0.0004645721346605569,411.875,0.0
9,0.0,0.12780959904193878,2.5e-06,0.7403272986412048,0.06263326108455658,0.0005085207085357979,395.8125,0.0
10,0.0,0.13497187197208405,2.8125e-06,0.6993370652198792,0.08896640688180923,0.0005803218518849462,414.0625,0.0
11,0.0,0.10774397104978561,3.125e-06,0.4424270987510681,0.07318629324436188,0.0005348245322238654,392.375,0.0
12,0.0,0.1370052993297577,3.4375e-06,0.6514525413513184,0.12592463195323944,0.0004720948199974373,403.6875,0.0
13,0.0,0.17310459911823273,3.7500000000000005e-06,0.7194714546203613,0.1071067824959755,0.0005617238057311624,399.5,0.0
14,0.0,0.14638105034828186,4.0625000000000005e-06,0.6753162145614624,0.07112763822078705,0.0005337100883480161,414.0625,0.0
15,0.0,0.12700249254703522,4.3750000000000005e-06,0.7570523023605347,0.049584683030843735,0.0005680663452949375,401.1875,0.0
16,0.0,0.13391327857971191,4.6875000000000004e-06,0.7783601880073547,0.08932533860206604,0.0005327676481101662,394.875,0.0
17,0.0,0.12951825559139252,5e-06,0.7369418740272522,0.05729927122592926,0.0005208108632359654,394.125,0.0
18,0.0,0.12470634281635284,5.3125e-06,0.7681769132614136,0.07586495578289032,0.0007389544043689966,402.1875,0.0
19,0.0,0.12744086980819702,5.625e-06,0.653036892414093,0.08400095999240875,0.0004905293608317152,416.4375,0.0
20,0.0,0.1327923983335495,5.9375e-06,0.7371033430099487,0.08623961359262466,0.0005629589140880853,415.0,0.0
21,0.0,0.1340271383523941,6.25e-06,0.6513229012489319,0.08174487948417664,0.0005125916504766792,402.9375,0.0
22,0.0,0.12979935109615326,6.5625e-06,0.6689895391464233,0.08302527666091919,0.0005323458171915263,403.0625,0.0
23,0.0,0.23359288275241852,6.875e-06,0.6909798383712769,0.07404498755931854,0.00048084826266858727,393.125,0.0
24,0.0,0.13568462431430817,7.1875e-06,0.6615395545959473,0.07341213524341583,0.0005900656979065388,401.125,0.0
25,0.0,0.13368797302246094,7.500000000000001e-06,0.6797153949737549,0.09473824501037598,0.0005011603207094595,394.1875,0.0
26,0.0,0.13924333453178406,7.8125e-06,0.7517825365066528,0.05981730297207832,0.0005519147380255163,397.0625,0.0
27,0.0,0.15041382610797882,8.125000000000001e-06,0.7961881160736084,0.051721781492233276,0.0005711454432457685,400.125,0.0
28,0.0,0.15133468806743622,8.4375e-06,0.6450212001800537,0.061357006430625916,0.0005031379841966555,407.875,0.0
29,0.0,0.14049957692623138,8.750000000000001e-06,0.6753298044204712,0.09598149359226227,0.0005860070523340255,398.5,0.0
30,0.0,0.1321054846048355,9.0625e-06,0.7227506637573242,0.08195145428180695,0.0005299646727507934,392.0,0.0
31,0.0,0.1326783001422882,9.375000000000001e-06,0.6913062334060669,0.11771909892559052,0.000529944954905659,380.3125,0.0
32,0.0,0.13152152299880981,9.6875e-06,0.6962648034095764,0.07646383345127106,0.0005574957467615604,402.1875,0.0
33,0.0,0.13742946088314056,1e-05,0.7226583361625671,0.13460928201675415,0.0005546111206058413,403.625,0.0
34,0.0,0.13724678754806519,9.999930304487874e-06,0.6204545497894287,0.12095947563648224,0.0005856022180523723,400.125,0.0
35,0.0,0.1312178075313568,9.999721219894482e-06,0.7392677068710327,0.09176434576511383,0.00048287321988027543,404.25,0.0
36,0.0,0.14963087439537048,9.999372752048729e-06,0.619096040725708,0.09628233313560486,0.0006429780623875558,409.75,0.0
37,0.0,0.15104557573795319,9.998884910665267e-06,0.7747012972831726,0.04569512978196144,0.0005589088541455567,399.0625,0.0
38,0.0,0.15357452630996704,9.998257709344246e-06,0.6368720531463623,0.10836680978536606,0.0005765438545495272,403.625,0.0
39,0.0,0.13681915402412415,9.997491165570907e-06,0.6447081565856934,0.07724474370479584,0.0005938464892096817,396.6875,0.0
40,0.0,0.1630246788263321,9.996585300715117e-06,0.5232868790626526,0.10330484807491302,0.0007410270918626338,402.3125,0.0
41,0.0,0.13536474108695984,9.995540140030759e-06,0.6825733184814453,0.09388292580842972,0.0005295144219417125,417.1875,0.0
42,0.0,0.12611480057239532,9.99435571265504e-06,0.7473059892654419,0.08084611594676971,0.0006586835661437362,395.375,0.0
43,0.0,0.14569967985153198,9.99303205160767e-06,0.8136608600616455,0.08593442291021347,0.0006656262848991901,406.4375,0.0
44,0.0,0.1377856731414795,9.991569193789938e-06,0.6545900106430054,0.1213357150554657,0.0005707643576897681,406.75,0.0
45,0.0,0.1489306539297104,9.989967179983699e-06,0.6875624656677246,0.06574086844921112,0.0005764472589362413,398.0,0.0
46,0.0,0.1463364213705063,9.988226054850218e-06,0.6906617283821106,0.1028854101896286,0.0005593670066446066,404.0625,0.0
47,0.0,0.11969619989395142,9.98634586692894e-06,0.524712085723877,0.05718661844730377,0.0006878816056996584,385.6875,0.0
48,0.0,0.1512134075164795,9.984326668636131e-06,0.6788041591644287,0.08025957643985748,0.000619304395513609,386.6875,0.0
49,0.0,0.13760195672512054,9.98216851626341e-06,0.7772097587585449,0.04637579992413521,0.000592244672589004,396.4375,0.0
50,0.0,0.13996565341949463,9.979871469976197e-06,0.7729852199554443,0.11553322523832321,0.0005364081007428467,394.6875,0.0
51,0.0,0.11649825423955917,9.977435593812013e-06,0.46611732244491577,0.06712742149829865,0.0006878838466946036,394.6875,0.0
52,0.0,0.13896000385284424,9.974860955678715e-06,0.753949761390686,0.08037203550338745,0.0006358999526128173,400.0625,0.0
53,0.0,0.15381337702274323,9.972147627352593e-06,0.7419229745864868,0.07732085883617401,0.000616813194938004,406.625,0.0
54,0.0,0.13814419507980347,9.96929568447637e-06,0.7039862871170044,0.08672039210796356,0.0006113417621236295,402.875,0.0
55,0.0,0.16788682341575623,9.966305206557092e-06,0.638640820980072,0.07313650101423264,0.0005499683902598917,409.6875,0.0
56,0.0,0.1307644546031952,9.963176276963916e-06,0.7220727205276489,0.13002584874629974,0.0006412585498765111,400.125,0.0
57,0.0,0.12677046656608582,9.959908982925783e-06,0.6578477621078491,0.04811576008796692,0.0006662270752713084,406.6875,0.0
58,0.0,0.13630078732967377,9.956503415528984e-06,0.7969778776168823,0.052691422402858734,0.0007532416493631899,392.9375,0.0
59,0.0,0.18048785626888275,9.952959669714627e-06,0.7581906318664551,0.08910354971885681,0.0006993520364630967,411.0625,0.0
60,0.0,0.11256276816129684,9.94927784427598e-06,0.5475394129753113,0.09546387195587158,0.0006615723541472107,400.8125,0.0
61,0.0,0.14101921021938324,9.945458041855732e-06,0.6490939259529114,0.11289743334054947,0.0008029073942452669,406.5625,0.0
62,0.0,0.1485109180212021,9.941500368943111e-06,0.7860437631607056,0.1188582330942154,0.0007520101207774132,400.875,0.0
63,0.0,0.12685322761535645,9.937404935870938e-06,0.6218387484550476,0.05562135577201843,0.0006944226915948093,401.8125,0.0
64,0.0,0.11411289870738983,9.933171856812533e-06,0.45484334230422974,0.057493798434734344,0.000808470300398767,371.3125,0.0
65,0.0,0.14005453884601593,9.92880124977854e-06,0.7522455453872681,0.06915943324565887,0.0008699021418578923,407.0,0.0
66,0.0,0.1304817646741867,9.924293236613643e-06,0.7095147967338562,0.036518778651952744,0.0007772580720484257,316.25,0.25
67,0.0,0.10871108621358871,9.91964794299315e-06,0.31164729595184326,0.02345111593604088,0.0007067679543979466,416.875,0.0
68,0.0,0.15672831237316132,9.91486549841951e-06,0.7762991786003113,0.0740460753440857,0.0007654379005543888,408.375,0.0
69,0.0,0.14333906769752502,9.909946036218694e-06,0.7924945950508118,0.03593515232205391,0.0010382962645962834,399.5,0.0
70,0.0,0.14275076985359192,9.904889693536475e-06,0.7609414458274841,0.05466105416417122,0.0009338548697996885,396.375,0.0
71,0.0,0.13132259249687195,9.899696611334612e-06,0.6295056343078613,0.10614317655563354,0.0007966729754116386,420.0625,0.0
72,0.0,0.12995025515556335,9.894366934386913e-06,0.7834644317626953,0.08041413873434067,0.0008156868570949882,409.75,0.0
73,0.0,0.13330861926078796,9.888900811275205e-06,0.8185631036758423,0.09511435031890869,0.0008542240539100021,417.25,0.0
74,0.0,0.12211797386407852,9.883298394385186e-06,0.33448684215545654,0.1344456523656845,0.0008759577176533639,401.5,0.0
75,0.0,0.13749857246875763,9.877559839902185e-06,0.7506410479545593,0.11731785535812378,0.0010454857838340104,407.0625,0.0
76,0.0,0.13390354812145233,9.871685307806796e-06,0.6953381299972534,0.06332545727491379,0.0008226220670621842,398.9375,0.0
77,0.0,0.12834477424621582,9.865674961870428e-06,0.7705264687538147,0.08603401482105255,0.0009619491174817085,400.625,0.0
78,0.0,0.15106020867824554,9.859528969650739e-06,0.6538662910461426,0.09972338378429413,0.0009244440880138427,402.6875,0.0
79,0.0,0.1403084695339203,9.853247502486957e-06,0.6899803876876831,0.08486917614936829,0.0009290902526117861,404.6875,0.0
80,0.0,0.14084628224372864,9.846830735495112e-06,0.6465275287628174,0.06930834800004959,0.0009174509032163769,405.9375,0.0
81,0.0,0.1169157326221466,9.840278847563147e-06,0.44634687900543213,0.02272091992199421,0.0010321252630092204,387.1875,0.0
82,0.0,0.15068380534648895,9.833592021345938e-06,0.8808420896530151,0.034906551241874695,0.0009264191903639585,412.125,0.0
83,0.0,0.1476539820432663,9.826770443260193e-06,0.6941351890563965,0.08306176960468292,0.0011367800179868937,408.25,0.0
