代码,名称,公告标题,公告类型,公告日期,网址
920055,隆源股份,隆源股份:关于公司就虚假陈述导致回购股份和向投资者赔偿事项进行承诺并接受约束措施的公告,其他,2025-01-20,https://data.eastmoney.com/notices/detail/920055/AN202501201642362290.html
920055,隆源股份,隆源股份:第一届监事会第八次会议决议公告,监事会决议公告,2025-01-20,https://data.eastmoney.com/notices/detail/920055/AN202501201642361655.html
300863,卡倍亿,卡倍亿:关于对外投资设立全资子公司暨完成工商登记的公告,公司关联方基本资料变更,2025-01-20,https://data.eastmoney.com/notices/detail/300863/AN202501221642448228.html
001322,箭牌家居,箭牌家居:001322箭牌家居投资者关系管理信息20250120,调研活动,2025-01-20,https://data.eastmoney.com/notices/detail/001322/AN202501201642378231.html
920149,旭杰科技,旭杰科技(苏州)股份有限公司关于重组问询函的回复(公司回复),并购重组类问询函的回复公告,2025-01-20,https://data.eastmoney.com/notices/detail/920149/AN202501201642377643.html
920149,旭杰科技,旭杰科技:关于筹划重大资产重组的进展公告,重组进展公告,2025-01-20,https://data.eastmoney.com/notices/detail/920149/AN202501201642377975.html
920149,旭杰科技,旭杰科技:关于《旭杰科技(苏州)股份有限公司重大资产购买报告书(草案)(修订稿)》及其摘要修订说明的公告,收购出售资产/股权,2025-01-20,https://data.eastmoney.com/notices/detail/920149/AN202501201642377978.html
920149,旭杰科技,旭杰科技:旭杰科技重大资产购买报告书(草案)(修订稿),收购出售资产/股权,2025-01-20,https://data.eastmoney.com/notices/detail/920149/AN202501201642377982.html
920149,旭杰科技,旭杰科技:旭杰科技重大资产购买报告书(草案)摘要(修订稿),收购出售资产/股权,2025-01-20,https://data.eastmoney.com/notices/detail/920149/AN202501201642377977.html
920149,旭杰科技,旭杰科技:关于对重组问询函回复的公告,回复问询函公告,2025-01-20,https://data.eastmoney.com/notices/detail/920149/AN202501201642377981.html
920149,旭杰科技,旭杰科技:东吴证券股份有限公司关于旭杰科技(苏州)股份有限公司重大资产购买之独立财务顾问报告(修订稿),保荐/核查意见,2025-01-20,https://data.eastmoney.com/notices/detail/920149/AN202501201642377980.html
920149,旭杰科技,旭杰科技:东吴证券股份有限公司关于北京证券交易所《关于对旭杰科技(苏州)股份有限公司的重组问询函》之核查意见,保荐/核查意见,2025-01-20,https://data.eastmoney.com/notices/detail/920149/AN202501201642377979.html
920149,旭杰科技,旭杰科技:关于北京证券交易所《关于对旭杰科技(苏州)股份有限公司的重组问询函》回复中有关财务会计问题的专项说明,回复问询函公告,2025-01-20,https://data.eastmoney.com/notices/detail/920149/AN202501201642377983.html
920149,旭杰科技,旭杰科技:中通诚资产评估有限公司《关于对旭杰科技(苏州)股份有限公司的重组问询函》资产评估相关问题之回复说明,问询函其他公告,2025-01-20,https://data.eastmoney.com/notices/detail/920149/AN202501201642377976.html
000401,金隅冀东,冀东水泥:唐山冀东水泥股份有限公司2025年面向专业投资者公开发行公司债券(第一期)发行结果公告,其他,2025-01-20,https://data.eastmoney.com/notices/detail/000401/AN202501201642377652.html
001201,东瑞股份,东瑞股份:001201东瑞股份投资者关系管理信息20250120,调研活动,2025-01-20,https://data.eastmoney.com/notices/detail/001201/AN202501201642377704.html
920223,荣亿精密,荣亿精密:持股5%以上股东减持股份计划公告(再次披露),股东/实际控制人股份减持,2025-01-20,https://data.eastmoney.com/notices/detail/920223/AN202501201642376973.html
002489,浙江永强,浙江永强:2025年1月20日投资者关系活动记录表,调研活动,2025-01-20,https://data.eastmoney.com/notices/detail/002489/AN202501201642376564.html
920098,科隆新材,科隆新材:独立董事工作制度,管理办法/制度,2025-01-20,https://data.eastmoney.com/notices/detail/920098/AN202501201642375963.html
920098,科隆新材,科隆新材:独立董事专门会议工作制度,管理办法/制度,2025-01-20,https://data.eastmoney.com/notices/detail/920098/AN202501201642375962.html
920098,科隆新材,科隆新材:关于2025年第一次临时股东大会增加临时提案的公告,增加股东大会议案,2025-01-20,https://data.eastmoney.com/notices/detail/920098/AN202501201642375961.html
300979,华利集团,华利集团:300979华利集团投资者关系管理信息20250120,调研活动,2025-01-20,https://data.eastmoney.com/notices/detail/300979/AN202501201642375872.html
300971,博亚精工,博亚精工:关于董事、监事减持股份的预披露公告,股东/实际控制人股份减持,2025-01-20,https://data.eastmoney.com/notices/detail/300971/AN202501201642375509.html
300109,新开源,新开源:关于部分高级管理人员减持计划期限届满暨实施情况的公告,股东/实际控制人股份减持,2025-01-20,https://data.eastmoney.com/notices/detail/300109/AN202501201642375473.html
300581,晨曦航空,晨曦航空:西安晨曦航空科技股份有限公司关于控股股东的一致行动人减持计划实施完毕的公告,股东/实际控制人股份减持,2025-01-20,https://data.eastmoney.com/notices/detail/300581/AN202501201642375472.html
920866,绿亨科技,绿亨科技:关于公司及相关责任主体收到自律监管措施决定书的公告,其他,2025-01-20,https://data.eastmoney.com/notices/detail/920866/AN202501201642375096.html
300814,中富电路,中富电路:2025年1月20日投资者关系活动记录表,调研活动,2025-01-20,https://data.eastmoney.com/notices/detail/300814/AN202501201642375022.html
300494,盛天网络,盛天网络:2025-01-20 投资者关系活动记录表,调研活动,2025-01-20,https://data.eastmoney.com/notices/detail/300494/AN202501201642375023.html
301237,和顺科技,和顺科技:2024年度业绩预告,业绩预告,2025-01-20,https://data.eastmoney.com/notices/detail/301237/AN202501201642374940.html
301237,和顺科技,和顺科技:关于2024年度计提资产减值准备的公告,其他,2025-01-20,https://data.eastmoney.com/notices/detail/301237/AN202501201642374942.html
301027,华蓝集团,华蓝集团:关于选举产生公司第五届监事会职工代表监事的公告,高管人员任职变动,2025-01-20,https://data.eastmoney.com/notices/detail/301027/AN202501201642374941.html
300665,飞鹿股份,飞鹿股份:2024年度业绩预告,业绩预告,2025-01-20,https://data.eastmoney.com/notices/detail/300665/AN202501201642374929.html
920564,天润科技,天润科技:关于变更签字注册会计师及项目质量控制复核人的公告,公司关联方基本资料变更,2025-01-20,https://data.eastmoney.com/notices/detail/920564/AN202501201642374727.html
920564,天润科技,天润科技:北京市中伦律师事务所关于陕西天润科技股份有限公司2025年第一次临时股东大会的法律意见书,法律意见书,2025-01-20,https://data.eastmoney.com/notices/detail/920564/AN202501201642374728.html
920564,天润科技,天润科技:2025年第一次临时股东大会决议公告,股东大会决议公告,2025-01-20,https://data.eastmoney.com/notices/detail/920564/AN202501201642374730.html
920564,天润科技,天润科技:关于取得发明专利证书的公告,获得认证,2025-01-20,https://data.eastmoney.com/notices/detail/920564/AN202501201642374729.html
300538,同益股份,同益股份:2024年度业绩预告,业绩预告,2025-01-20,https://data.eastmoney.com/notices/detail/300538/AN202501201642374720.html
920942,恒立钻具,恒立钻具:第四届董事会第一次会议决议公告,高管人员任职变动,2025-01-20,https://data.eastmoney.com/notices/detail/920942/AN202501201642374684.html
920942,恒立钻具,恒立钻具:第四届监事会第一次会议决议公告,高管人员任职变动,2025-01-20,https://data.eastmoney.com/notices/detail/920942/AN202501201642374687.html
920942,恒立钻具,恒立钻具:舆情管理制度,管理办法/制度,2025-01-20,https://data.eastmoney.com/notices/detail/920942/AN202501201642374688.html
920942,恒立钻具,恒立钻具:董事长、监事会主席、高级管理人员换届公告,高管人员任职变动,2025-01-20,https://data.eastmoney.com/notices/detail/920942/AN202501201642374683.html
920942,恒立钻具,恒立钻具:关于选举第四届董事会审计委员会委员的公告,高管人员任职变动,2025-01-20,https://data.eastmoney.com/notices/detail/920942/AN202501201642374686.html
920942,恒立钻具,恒立钻具:关于使用闲置募集资金进行现金管理的进展公告,募集资金使用进展情况,2025-01-20,https://data.eastmoney.com/notices/detail/920942/AN202501201642374685.html
920675,秉扬科技,秉扬科技:独立董事候选人声明,独立董事候选人声明,2025-01-20,https://data.eastmoney.com/notices/detail/920675/AN202501201642374669.html
920675,秉扬科技,秉扬科技:独立董事提名人声明,独立董事提名人声明,2025-01-20,https://data.eastmoney.com/notices/detail/920675/AN202501201642374667.html
920675,秉扬科技,秉扬科技:独立董事候选人声明,独立董事候选人声明,2025-01-20,https://data.eastmoney.com/notices/detail/920675/AN202501201642374676.html
920675,秉扬科技,秉扬科技:独立董事提名人声明,独立董事提名人声明,2025-01-20,https://data.eastmoney.com/notices/detail/920675/AN202501201642374672.html
920675,秉扬科技,秉扬科技:独立董事提名人声明,独立董事提名人声明,2025-01-20,https://data.eastmoney.com/notices/detail/920675/AN202501201642374673.html
920675,秉扬科技,秉扬科技:第三届董事会第三十三次会议决议公告,高管人员任职变动,2025-01-20,https://data.eastmoney.com/notices/detail/920675/AN202501201642374668.html
920675,秉扬科技,秉扬科技:独立董事候选人声明,独立董事候选人声明,2025-01-20,https://data.eastmoney.com/notices/detail/920675/AN202501201642374670.html
920675,秉扬科技,秉扬科技:第三届监事会第二十五次会议决议公告,高管人员任职变动,2025-01-20,https://data.eastmoney.com/notices/detail/920675/AN202501201642374675.html
920675,秉扬科技,秉扬科技:关于召开2025年第一次临时股东大会通知公告(提供网络投票),召开股东大会通知,2025-01-20,https://data.eastmoney.com/notices/detail/920675/AN202501201642374677.html
920675,秉扬科技,秉扬科技:董事、监事换届公告,高管人员任职变动,2025-01-20,https://data.eastmoney.com/notices/detail/920675/AN202501201642374666.html
920675,秉扬科技,秉扬科技:2025年第一次职工代表大会决议公告,高管人员任职变动,2025-01-20,https://data.eastmoney.com/notices/detail/920675/AN202501201642374678.html
920675,秉扬科技,秉扬科技:舆情管理制度,管理办法/制度,2025-01-20,https://data.eastmoney.com/notices/detail/920675/AN202501201642374679.html
920675,秉扬科技,秉扬科技:关于预计2025年日常性关联交易的公告,关联交易,2025-01-20,https://data.eastmoney.com/notices/detail/920675/AN202501201642374671.html
920675,秉扬科技,秉扬科技:关于预计2025年度向银行申请综合授信额度的公告,借贷,2025-01-20,https://data.eastmoney.com/notices/detail/920675/AN202501201642374674.html
920675,秉扬科技,秉扬科技:关于对外投资进展暨参股公司完成工商变更登记的公告,对外项目投资,2025-01-20,https://data.eastmoney.com/notices/detail/920675/AN202501201642374665.html
300884,狄耐克,狄耐克:2024年度业绩预告,业绩预告,2025-01-20,https://data.eastmoney.com/notices/detail/300884/AN202501201642374662.html
000415,渤海租赁,渤海租赁:长城证券股份有限公司关于渤海租赁股份有限公司面向合格投资者公开发行公司债券临时受托管理事务报告,其他,2025-01-20,https://data.eastmoney.com/notices/detail/000415/AN202501201642374353.html
300535,达威股份,达威股份:2024年度业绩预告,业绩预告,2025-01-20,https://data.eastmoney.com/notices/detail/300535/AN202501201642374333.html
301027,华蓝集团,华蓝集团:2025年第一次临时股东会决议公告,股东大会决议公告,2025-01-20,https://data.eastmoney.com/notices/detail/301027/AN202501201642374332.html
300535,达威股份,达威股份:关于2024年度拟计提资产减值准备的公告,其他,2025-01-20,https://data.eastmoney.com/notices/detail/300535/AN202501201642374334.html
301027,华蓝集团,华蓝集团:德恒上海律师事务所关于华蓝集团股份公司2025年第一次临时股东会之见证意见,其他,2025-01-20,https://data.eastmoney.com/notices/detail/301027/AN202501201642374338.html
920242,建邦科技,建邦科技:投资者关系活动记录表,调研活动,2025-01-20,https://data.eastmoney.com/notices/detail/920242/AN202501201642374331.html
920436,大地电气,大地电气:关于变更签字注册会计师的公告,公司关联方基本资料变更,2025-01-20,https://data.eastmoney.com/notices/detail/920436/AN202501201642374292.html
920436,大地电气,大地电气:持股5%以上股东减持公司股份的预披露公告,股东/实际控制人股份减持,2025-01-20,https://data.eastmoney.com/notices/detail/920436/AN202501201642374291.html
002250,联化科技,联化科技:2025年1月20日投资者关系活动记录表,调研活动,2025-01-20,https://data.eastmoney.com/notices/detail/002250/AN202501201642374156.html
920806,云星宇,云星宇:第四届董事会第五次会议决议公告,高管人员任职变动,2025-01-20,https://data.eastmoney.com/notices/detail/920806/AN202501201642374269.html
920806,云星宇,云星宇:董事长辞职公告,高管人员任职变动,2025-01-20,https://data.eastmoney.com/notices/detail/920806/AN202501201642374270.html
920806,云星宇,云星宇:关于召开2025年第一次临时股东大会通知的公告(提供网络投票),召开股东大会通知,2025-01-20,https://data.eastmoney.com/notices/detail/920806/AN202501201642374268.html
920806,云星宇,云星宇:董事任命公告,高管人员任职变动,2025-01-20,https://data.eastmoney.com/notices/detail/920806/AN202501201642374267.html
300565,科信技术,科信技术:2024年度业绩预告,业绩预告,2025-01-20,https://data.eastmoney.com/notices/detail/300565/AN202501201642374263.html
300565,科信技术,科信技术:关于公司子公司之间提供担保的公告,提供/对外担保公告,2025-01-20,https://data.eastmoney.com/notices/detail/300565/AN202501201642374241.html
920305,云创退,云创数据:2025年第一次临时股东大会决议公告,股东大会决议公告,2025-01-20,https://data.eastmoney.com/notices/detail/920305/AN202501201642374206.html
920305,云创退,云创数据:股权质押的公告,股份质押、冻结,2025-01-20,https://data.eastmoney.com/notices/detail/920305/AN202501201642374205.html
920305,云创退,云创数据:国浩律师(上海)事务所关于南京云创大数据科技股份有限公司2025年第一次临时股东大会的法律意见书,法律意见书,2025-01-20,https://data.eastmoney.com/notices/detail/920305/AN202501201642374207.html
300658,延江股份,延江股份:关于重新开立募集资金专项账户并签订三方监管协议的公告,签订协议,2025-01-20,https://data.eastmoney.com/notices/detail/300658/AN202501201642373930.html
920249,利尔达,利尔达:第四届董事会第二十一次会议决议公告,董事会决议公告,2025-01-20,https://data.eastmoney.com/notices/detail/920249/AN202501201642373881.html
920249,利尔达,利尔达:第四届监事会第十八次会议决议公告,监事会决议公告,2025-01-20,https://data.eastmoney.com/notices/detail/920249/AN202501201642373883.html
920249,利尔达,利尔达:关于召开2025年第二次临时股东大会通知公告(提供网络投票),召开股东大会通知,2025-01-20,https://data.eastmoney.com/notices/detail/920249/AN202501201642373880.html
920249,利尔达,利尔达:关于公司及其子公司房屋租赁暨关联交易公告,关联交易,2025-01-20,https://data.eastmoney.com/notices/detail/920249/AN202501201642373878.html
920249,利尔达,利尔达:关于预计公司及子公司2025年度向金融机构申请综合授信及关联担保的公告,担保年度额度预计,2025-01-20,https://data.eastmoney.com/notices/detail/920249/AN202501201642373882.html
920249,利尔达,利尔达:国信证券股份有限公司关于利尔达科技集团股份有限公司关联交易的核查意见,保荐/核查意见,2025-01-20,https://data.eastmoney.com/notices/detail/920249/AN202501201642373884.html
920249,利尔达,利尔达:关于预计2025年日常性关联交易的公告,关联交易,2025-01-20,https://data.eastmoney.com/notices/detail/920249/AN202501201642373879.html
920519,万德股份,万德股份:合计持股5%以上股东权益变动达到1%的提示性公告,权益变动报告书,2025-01-20,https://data.eastmoney.com/notices/detail/920519/AN202501201642373648.html
920415,恒拓开源,恒拓开源:关于使用部分闲置募集资金进行现金管理的进展公告,募集资金使用进展情况,2025-01-20,https://data.eastmoney.com/notices/detail/920415/AN202501201642373638.html
920735,德源药业,德源药业:第四届董事会第十次会议决议公告,董事会决议公告,2025-01-20,https://data.eastmoney.com/notices/detail/920735/AN202501201642373634.html
920735,德源药业,德源药业:关于补充确认2024年度日常性关联交易超出预计部分的公告,关联交易,2025-01-20,https://data.eastmoney.com/notices/detail/920735/AN202501201642373633.html
920735,德源药业,德源药业:开源证券股份有限公司关于江苏德源药业股份有限公司关联交易的核查意见,保荐/核查意见,2025-01-20,https://data.eastmoney.com/notices/detail/920735/AN202501201642373635.html
300606,金太阳,金太阳:关于完成董事会、监事会换届选举的公告,高管人员任职变动,2025-01-20,https://data.eastmoney.com/notices/detail/300606/AN202501201642373608.html
300606,金太阳,金太阳:2025年第一次临时股东大会决议公告,股东大会决议公告,2025-01-20,https://data.eastmoney.com/notices/detail/300606/AN202501201642373602.html
300606,金太阳,金太阳:关于东莞金太阳研磨股份有限公司2025年第一次临时股东大会的法律意见书,法律意见书,2025-01-20,https://data.eastmoney.com/notices/detail/300606/AN202501201642373613.html
300606,金太阳,金太阳:关于第五届董事会第一次会议决议的公告,高管人员任职变动,2025-01-20,https://data.eastmoney.com/notices/detail/300606/AN202501201642373605.html
300606,金太阳,金太阳:关于第五届监事会第一次会议决议的公告,高管人员任职变动,2025-01-20,https://data.eastmoney.com/notices/detail/300606/AN202501201642373604.html
300606,金太阳,金太阳:关于选举董事长、监事会主席、各专门委员会委员及聘任高级管理人员、证券事务代表的公告,高管人员任职变动,2025-01-20,https://data.eastmoney.com/notices/detail/300606/AN202501201642373609.html
300606,金太阳,金太阳:关于公司高级管理人员薪酬方案的公告,其他,2025-01-20,https://data.eastmoney.com/notices/detail/300606/AN202501201642373617.html
300786,国林科技,国林科技:2024年度业绩预告,业绩预告,2025-01-20,https://data.eastmoney.com/notices/detail/300786/AN202501201642373589.html
920578,巨能股份,巨能股份:2024年年度业绩预告公告,业绩预告,2025-01-20,https://data.eastmoney.com/notices/detail/920578/AN202501201642373587.html
920204,沪江材料,沪江材料:股东减持股份结果公告,股东/实际控制人股份减持,2025-01-20,https://data.eastmoney.com/notices/detail/920204/AN202501201642373452.html
920204,沪江材料,沪江材料:2025年第一次临时股东大会决议公告,股东大会决议公告,2025-01-20,https://data.eastmoney.com/notices/detail/920204/AN202501201642373451.html
920204,沪江材料,沪江材料:江苏新高的律师事务所关于南京沪江复合材料股份有限公司2025年第一次临时股东大会的法律意见书,法律意见书,2025-01-20,https://data.eastmoney.com/notices/detail/920204/AN202501201642373450.html
300789,唐源电气,唐源电气:北京金杜(成都)律师事务所关于成都唐源电气股份有限公司2025年第一次临时股东大会的法律意见书,法律意见书,2025-01-20,https://data.eastmoney.com/notices/detail/300789/AN202501201642373420.html
300789,唐源电气,唐源电气:2025年第一次临时股东大会决议公告,股东大会决议公告,2025-01-20,https://data.eastmoney.com/notices/detail/300789/AN202501201642373421.html
920405,海希通讯,海希通讯:2024年第三季度权益分派实施公告,分配方案实施,2025-01-20,https://data.eastmoney.com/notices/detail/920405/AN202501201642373419.html
920171,志晟信息,志晟信息:国浩律师(上海)事务所关于河北志晟信息技术股份有限公司2025年第一次临时股东大会的法律意见书,法律意见书,2025-01-20,https://data.eastmoney.com/notices/detail/920171/AN202501201642373400.html
920171,志晟信息,志晟信息:公司章程,公司章程,2025-01-20,https://data.eastmoney.com/notices/detail/920171/AN202501201642373398.html
920171,志晟信息,志晟信息:2025年第一次临时股东大会决议公告,股东大会决议公告,2025-01-20,https://data.eastmoney.com/notices/detail/920171/AN202501201642373399.html
300986,志特新材,志特新材:第四届董事会第五次会议决议公告,董事会决议公告,2025-01-20,https://data.eastmoney.com/notices/detail/300986/AN202501201642373046.html
300986,志特新材,志特新材:关于向下修正志特转债转股价格的公告,其他,2025-01-20,https://data.eastmoney.com/notices/detail/300986/AN202501201642373043.html
300986,志特新材,志特新材:北京市中伦(深圳)律师事务所关于江西志特新材料股份有限公司2025年第一次临时股东大会的法律意见书,法律意见书,2025-01-20,https://data.eastmoney.com/notices/detail/300986/AN202501201642373044.html
300986,志特新材,志特新材:2024年年度业绩预告,业绩预告,2025-01-20,https://data.eastmoney.com/notices/detail/300986/AN202501201642373045.html
920694,中裕科技,中裕科技:股权激励计划限制性股票解除限售公告,限售股份上市流通,2025-01-20,https://data.eastmoney.com/notices/detail/920694/AN202501201642373022.html
300986,志特新材,志特新材:2025年第一次临时股东大会决议公告,股东大会决议公告,2025-01-20,https://data.eastmoney.com/notices/detail/300986/AN202501201642373010.html
920239,长虹能源,长虹能源:第三届董事会第三十六次会议决议公告,高管人员任职变动,2025-01-20,https://data.eastmoney.com/notices/detail/920239/AN202501201642372972.html
920239,长虹能源,长虹能源:关于聘任总法律顾问、首席合规官的公告,高管人员任职变动,2025-01-20,https://data.eastmoney.com/notices/detail/920239/AN202501201642372971.html
300490,华自科技,华自科技:2024年度业绩预告,业绩预告,2025-01-20,https://data.eastmoney.com/notices/detail/300490/AN202501201642372750.html
920392,佳合科技,佳合科技:2024年年度业绩预告公告,业绩预告,2025-01-20,https://data.eastmoney.com/notices/detail/920392/AN202501201642372743.html
300564,筑博设计,筑博设计:关于公司银行基本账户部分资金被冻结的公告,股份质押、冻结,2025-01-20,https://data.eastmoney.com/notices/detail/300564/AN202501201642372740.html
300937,药易购,药易购:2024年度业绩预告,业绩预告,2025-01-20,https://data.eastmoney.com/notices/detail/300937/AN202501201642372741.html
300564,筑博设计,筑博设计:2024年度业绩预告,业绩预告,2025-01-20,https://data.eastmoney.com/notices/detail/300564/AN202501201642372742.html
300125,聆达股份,ST聆达:2024年度业绩预告,业绩预告,2025-01-20,https://data.eastmoney.com/notices/detail/300125/AN202501201642372711.html
300039,上海凯宝,上海凯宝:关于获得药品注册证书的公告,获得认证,2025-01-20,https://data.eastmoney.com/notices/detail/300039/AN202501201642372706.html
300125,聆达股份,ST聆达:关于公司股票可能被实施退市风险警示的风险提示公告,其它风险提示公告,2025-01-20,https://data.eastmoney.com/notices/detail/300125/AN202501201642372707.html
300748,金力永磁,金力永磁:关于投资建设年产20000吨高性能稀土永磁材料绿色智造项目的公告,对外项目投资,2025-01-20,https://data.eastmoney.com/notices/detail/300748/AN202501201642372686.html
300748,金力永磁,金力永磁:2024年年度业绩预告,业绩预告,2025-01-20,https://data.eastmoney.com/notices/detail/300748/AN202501201642372694.html
300748,金力永磁,金力永磁:第四届董事会第四次会议决议公告,高管人员任职变动,2025-01-20,https://data.eastmoney.com/notices/detail/300748/AN202501201642372683.html
300464,星徽股份,星徽股份:2024年度业绩预告,业绩预告,2025-01-20,https://data.eastmoney.com/notices/detail/300464/AN202501201642372664.html
300026,红日药业,红日药业:2024年度业绩预告,业绩预告,2025-01-20,https://data.eastmoney.com/notices/detail/300026/AN202501201642372242.html
920493,并行科技,并行科技:2024年年度业绩预告公告,业绩预告,2025-01-20,https://data.eastmoney.com/notices/detail/920493/AN202501201642372231.html
920230,欧康医药,欧康医药:2024年年度业绩预告公告,业绩预告,2025-01-20,https://data.eastmoney.com/notices/detail/920230/AN202501201642372224.html
000997,新大陆,新 大 陆:000997新 大 陆调研活动信息20250120,调研活动,2025-01-20,https://data.eastmoney.com/notices/detail/000997/AN202501201642372283.html
300030,阳普医疗,阳普医疗:关于变更医疗器械经营许可证(备案凭证)的公告,其他,2025-01-20,https://data.eastmoney.com/notices/detail/300030/AN202501201642372205.html
300030,阳普医疗,阳普医疗:关于公司收到医疗器械变更注册(备案)文件的公告,其他,2025-01-20,https://data.eastmoney.com/notices/detail/300030/AN202501201642372204.html
301046,能辉科技,能辉科技:海通证券股份有限公司关于上海能辉科技股份有限公司2024年度持续督导的培训情况报告,保荐/核查意见,2025-01-20,https://data.eastmoney.com/notices/detail/301046/AN202501201642372187.html
300587,天铁科技,天铁股份:浙江天铁实业股份有限公司对外担保的进展公告,提供/对外担保公告,2025-01-20,https://data.eastmoney.com/notices/detail/300587/AN202501201642372155.html
920914,远航精密,远航精密:关于控股股东质押部分股票的公告,股份质押、冻结,2025-01-20,https://data.eastmoney.com/notices/detail/920914/AN202501201642372058.html
300539,横河精密,2会计师回复意见(宁波横河精密工业股份有限公司),创业板再融资问询与回复,2025-01-20,https://data.eastmoney.com/notices/detail/300539/AN202501201642371989.html
300539,横河精密,1发行人和保荐机构回复意见(宁波横河精密工业股份有限公司),创业板再融资问询与回复,2025-01-20,https://data.eastmoney.com/notices/detail/300539/AN202501201642371988.html
920005,鼎佳精密,鼎佳精密:关于申请公开发行股票并在北交所上市暨停牌进展公告,停牌公告,2025-01-20,https://data.eastmoney.com/notices/detail/920005/AN202501201642372044.html
301349,信德新材,信德新材:上海市锦天城律师事务所关于辽宁信德新材料科技(集团)股份有限公司2025年第一次临时股东大会的法律意见书,法律意见书,2025-01-20,https://data.eastmoney.com/notices/detail/301349/AN202501201642372050.html
300050,世纪鼎利,世纪鼎利:关于股权交易承诺方承诺履行情况的进展公告,其他,2025-01-20,https://data.eastmoney.com/notices/detail/300050/AN202501201642372051.html
300050,世纪鼎利,世纪鼎利:2024年度业绩预告,业绩预告,2025-01-20,https://data.eastmoney.com/notices/detail/300050/AN202501201642372052.html
300976,达瑞电子,达瑞电子:2024年年度业绩预告,业绩预告,2025-01-20,https://data.eastmoney.com/notices/detail/300976/AN202501201642372031.html
301349,信德新材,信德新材:2025年第一次临时股东大会决议公告,股东大会决议公告,2025-01-20,https://data.eastmoney.com/notices/detail/301349/AN202501201642371807.html
301349,信德新材,信德新材:关于2024年限制性股票激励计划内幕信息知情人及激励对象买卖公司股票情况的自查报告,自查报告,2025-01-20,https://data.eastmoney.com/notices/detail/301349/AN202501201642371806.html
301177,迪阿股份,迪阿股份:关于使用部分闲置募集资金进行现金管理的进展公告,募集资金使用进展情况,2025-01-20,https://data.eastmoney.com/notices/detail/301177/AN202501201642371644.html
300427,红相股份,红相股份:2024年度业绩预告,业绩预告,2025-01-20,https://data.eastmoney.com/notices/detail/300427/AN202501201642371637.html
301117,佳缘科技,佳缘科技:2024年度业绩预告,业绩预告,2025-01-20,https://data.eastmoney.com/notices/detail/301117/AN202501201642371635.html
300515,三德科技,三德科技:关于股票交易异常波动的公告,股票交易异常波动,2025-01-20,https://data.eastmoney.com/notices/detail/300515/AN202501201642371633.html
300265,通光线缆,通光线缆:2024年度业绩预告,业绩预告,2025-01-20,https://data.eastmoney.com/notices/detail/300265/AN202501201642371331.html
301103,何氏眼科,何氏眼科:关于公司股东股份减持计划提前结束暨减持计划实施完成的公告,股东/实际控制人股份减持,2025-01-20,https://data.eastmoney.com/notices/detail/301103/AN202501201642371334.html
301372,科净源,科净源:2024年度业绩预告,业绩预告,2025-01-20,https://data.eastmoney.com/notices/detail/301372/AN202501201642371326.html
300123,ST亚光,亚光科技:关于公司为下属公司提供担保的进展公告,提供/对外担保公告,2025-01-20,https://data.eastmoney.com/notices/detail/300123/AN202501201642371332.html
300123,ST亚光,亚光科技:2024年度业绩预告,业绩预告,2025-01-20,https://data.eastmoney.com/notices/detail/300123/AN202501201642371328.html
920087,秋乐种业,秋乐种业:2025年第一次临时股东大会决议公告,股东大会决议公告,2025-01-20,https://data.eastmoney.com/notices/detail/920087/AN202501201642371309.html
920087,秋乐种业,秋乐种业:北京中银律师事务所关于河南秋乐种业科技股份有限公司2025年第一次临时股东大会的法律意见书,法律意见书,2025-01-20,https://data.eastmoney.com/notices/detail/920087/AN202501201642371308.html
920000,安徽凤凰,安徽凤凰:委托理财进展公告,委托（受托）事项,2025-01-20,https://data.eastmoney.com/notices/detail/920000/AN202501201642371304.html
920419,路斯股份,路斯股份:2025年第一次临时股东大会决议公告,股东大会决议公告,2025-01-20,https://data.eastmoney.com/notices/detail/920419/AN202501201642371281.html
920419,路斯股份,路斯股份:公司章程,公司章程,2025-01-20,https://data.eastmoney.com/notices/detail/920419/AN202501201642371282.html
920419,路斯股份,路斯股份:关于减少注册资本通知债权人的公告,公司注册资本变更,2025-01-20,https://data.eastmoney.com/notices/detail/920419/AN202501201642371279.html
920419,路斯股份,路斯股份:上海市广发律师事务所关于山东路斯宠物食品股份有限公司2025年第一次临时股东大会的法律意见书,法律意见书,2025-01-20,https://data.eastmoney.com/notices/detail/920419/AN202501201642371280.html
300071,福石控股,福石控股:2024年度业绩预告,业绩预告,2025-01-20,https://data.eastmoney.com/notices/detail/300071/AN202501201642371145.html
301369,联动科技,联动科技:关于股份回购实施结果暨股份变动的公告,股本变动,2025-01-20,https://data.eastmoney.com/notices/detail/301369/AN202501201642371115.html
300470,中密控股,中密控股:关于取得专利证书的公告,获得认证,2025-01-20,https://data.eastmoney.com/notices/detail/300470/AN202501201642371134.html
300588,熙菱信息,熙菱信息:熙菱信息2025年第一次临时股东大会法律意见书,法律意见书,2025-01-20,https://data.eastmoney.com/notices/detail/300588/AN202501201642370955.html
300588,熙菱信息,熙菱信息:2025年第一次临时股东大会决议公告,股东大会决议公告,2025-01-20,https://data.eastmoney.com/notices/detail/300588/AN202501201642370954.html
301382,蜂助手,蜂助手:蜂助手股份有限公司关于回购股份事项前十名股东和前十名无限售条件股东持股情况的公告,其他,2025-01-20,https://data.eastmoney.com/notices/detail/301382/AN202501201642371057.html
301382,蜂助手,蜂助手:蜂助手股份有限公司回购报告书,回购报告书,2025-01-20,https://data.eastmoney.com/notices/detail/301382/AN202501201642370956.html
920504,博迅生物,博迅生物:关于使用闲置自有资金购买理财产品的进展公告,投资理财,2025-01-20,https://data.eastmoney.com/notices/detail/920504/AN202501201642370951.html
920504,博迅生物,博迅生物:股票解除限售公告,限售股份上市流通,2025-01-20,https://data.eastmoney.com/notices/detail/920504/AN202501201642370952.html
300502,新易盛,新易盛:2024年度业绩预告,业绩预告,2025-01-20,https://data.eastmoney.com/notices/detail/300502/AN202501201642370910.html
300149,睿智医药,睿智医药:2025年第一次临时股东会法律意见书,法律意见书,2025-01-20,https://data.eastmoney.com/notices/detail/300149/AN202501201642370911.html
300149,睿智医药,睿智医药:2025年第一次临时股东会决议公告,股东大会决议公告,2025-01-20,https://data.eastmoney.com/notices/detail/300149/AN202501201642370905.html
300159,新研股份,新研股份:关于公司股票交易可能被实施退市风险警示的提示性公告,其它风险提示公告,2025-01-20,https://data.eastmoney.com/notices/detail/300159/AN202501201642370878.html
300159,新研股份,新研股份:2024年度业绩预告,业绩预告,2025-01-20,https://data.eastmoney.com/notices/detail/300159/AN202501201642370877.html
920491,奥迪威,奥迪威:第四届董事会第十三次会议决议公告,董事会决议公告,2025-01-20,https://data.eastmoney.com/notices/detail/920491/AN202501201642370629.html
300226,上海钢联,上海钢联:关于为子公司钢银电商提供担保的进展公告,提供/对外担保公告,2025-01-20,https://data.eastmoney.com/notices/detail/300226/AN202501201642370614.html
301179,泽宇智能,泽宇智能:华泰联合证券有限责任公司关于江苏泽宇智能电力股份有限公司首次公开发行股票部分募投项目结项并将节余募集资金永久补充流动资金的核查意见,保荐/核查意见,2025-01-20,https://data.eastmoney.com/notices/detail/301179/AN202501201642370623.html
301179,泽宇智能,泽宇智能:上海市锦天城律师事务所关于泽宇智能2025年第一次临时股东大会法律意见书,法律意见书,2025-01-20,https://data.eastmoney.com/notices/detail/301179/AN202501201642370620.html
301179,泽宇智能,泽宇智能:第三届监事会第一次会议决议的公告,高管人员任职变动,2025-01-20,https://data.eastmoney.com/notices/detail/301179/AN202501201642370615.html
301179,泽宇智能,泽宇智能:关于募集资金投资项目结项并将节余募集资金永久补充流动资金的公告,募集资金补充流动资金,2025-01-20,https://data.eastmoney.com/notices/detail/301179/AN202501201642370617.html
301179,泽宇智能,泽宇智能:第三届董事会第一次会议决议的公告,高管人员任职变动,2025-01-20,https://data.eastmoney.com/notices/detail/301179/AN202501201642370625.html
301179,泽宇智能,泽宇智能:关于董事会及监事会换届完成、选举董事长、各专门委员会委员及聘任高级管理人员、证券事务代表的公告,高管人员任职变动,2025-01-20,https://data.eastmoney.com/notices/detail/301179/AN202501201642370613.html
301179,泽宇智能,泽宇智能:2025年第一次临时股东大会决议的公告,股东大会决议公告,2025-01-20,https://data.eastmoney.com/notices/detail/301179/AN202501201642370616.html
301166,优宁维,优宁维:2024年度业绩预告,业绩预告,2025-01-20,https://data.eastmoney.com/notices/detail/301166/AN202501201642370624.html
300826,测绘股份,测绘股份:关于股权收购进展暨完成工商变更的公告,收购出售资产/股权,2025-01-20,https://data.eastmoney.com/notices/detail/300826/AN202501201642370570.html
300424,航新科技,航新科技:关于控股股东部分股份质押延期的公告,股份质押、冻结,2025-01-20,https://data.eastmoney.com/notices/detail/300424/AN202501201642370446.html
300363,博腾股份,博腾股份:2024年年度业绩预告,业绩预告,2025-01-20,https://data.eastmoney.com/notices/detail/300363/AN202501201642370448.html
300459,汤姆猫,汤姆猫:关于对外担保的进展公告,提供/对外担保公告,2025-01-20,https://data.eastmoney.com/notices/detail/300459/AN202501201642370447.html
920106,林泰新材,林泰新材:江苏林泰新材科技股份有限公司超额配售选择权实施结果公告,其他,2025-01-20,https://data.eastmoney.com/notices/detail/920106/AN202501201642370443.html
301362,民爆光电,民爆光电:关于全资孙公司(越南民爆)签署租用土地使用权协议的公告,签订协议,2025-01-20,https://data.eastmoney.com/notices/detail/301362/AN202501201642370449.html
300705,九典制药,九典制药:关于持股5%以上股东股份质押的公告,股份质押、冻结,2025-01-20,https://data.eastmoney.com/notices/detail/300705/AN202501201642370439.html
300205,*ST天喻,ST天喻:2024年度业绩预告,业绩预告,2025-01-20,https://data.eastmoney.com/notices/detail/300205/AN202501201642370440.html
920111,聚星科技,聚星科技:第二届董事会第二十三次会议决议公告,董事会决议公告,2025-01-20,https://data.eastmoney.com/notices/detail/920111/AN202501201642370419.html
300134,大富科技,大富科技:关于控股股东部分股份解除司法冻结的公告,股份质押、冻结,2025-01-20,https://data.eastmoney.com/notices/detail/300134/AN202501201642370417.html
000002,万科A,万科A:万科企业股份有限公司2021年面向合格投资者公开发行住房租赁专项公司债券(第一期)(品种二)2025年付息公告,其他,2025-01-20,https://data.eastmoney.com/notices/detail/000002/AN202501201642370363.html
300317,珈伟新能,珈伟新能:珈伟新能源股份有限公司简式权益变动报告书(二),权益变动报告书,2025-01-20,https://data.eastmoney.com/notices/detail/300317/AN202501201642370398.html
300317,珈伟新能,珈伟新能:珈伟新能源股份有限公司简式权益变动报告书(三),权益变动报告书,2025-01-20,https://data.eastmoney.com/notices/detail/300317/AN202501201642370389.html
300317,珈伟新能,珈伟新能:珈伟新能源股份有限公司简式权益变动报告书(一),权益变动报告书,2025-01-20,https://data.eastmoney.com/notices/detail/300317/AN202501201642370382.html
300219,鸿利智汇,鸿利智汇:第六届监事会第二次会议决议公告,监事会决议公告,2025-01-20,https://data.eastmoney.com/notices/detail/300219/AN202501201642370388.html
300219,鸿利智汇,鸿利智汇:第六届董事会第二次会议决议公告,董事会决议公告,2025-01-20,https://data.eastmoney.com/notices/detail/300219/AN202501201642370397.html
300219,鸿利智汇,鸿利智汇:关于计提资产减值准备的公告,其他,2025-01-20,https://data.eastmoney.com/notices/detail/300219/AN202501201642370402.html
300219,鸿利智汇,鸿利智汇:2024年度业绩预告,业绩预告,2025-01-20,https://data.eastmoney.com/notices/detail/300219/AN202501201642370384.html
000776,广发证券,广发证券:广发证券股份有限公司2024年面向专业投资者公开发行短期公司债券(第五期)(品种一)2025年兑付兑息及摘牌公告,其他,2025-01-20,https://data.eastmoney.com/notices/detail/000776/AN202501201642370368.html
300317,珈伟新能,珈伟新能:北京德恒(深圳)律师事务所关于珈伟新能源股份有限公司控制权相关事项的法律意见,法律意见书,2025-01-20,https://data.eastmoney.com/notices/detail/300317/AN202501201642370395.html
300317,珈伟新能,珈伟新能:关于股东表决权委托到期暨权益变动的提示性公告,权益变动报告书,2025-01-20,https://data.eastmoney.com/notices/detail/300317/AN202501201642370400.html
300649,杭州园林,杭州园林:关于收到浙江证监局警示函的公告,警示函公告,2025-01-20,https://data.eastmoney.com/notices/detail/300649/AN202501201642370365.html
301391,卡莱特,卡莱特:关于首次回购公司股份的公告,回购实施公告,2025-01-20,https://data.eastmoney.com/notices/detail/301391/AN202501201642370364.html
300746,汉嘉数智,汉嘉设计:关于对外担保的进展公告,提供/对外担保公告,2025-01-20,https://data.eastmoney.com/notices/detail/300746/AN202501201642370366.html
301045,天禄科技,天禄科技:2024年年度业绩预告,业绩预告,2025-01-20,https://data.eastmoney.com/notices/detail/301045/AN202501201642370367.html
300256,星星科技,星星科技:上海璟和律师事务所关于公司2025年第一次临时股东大会的法律意见书,法律意见书,2025-01-20,https://data.eastmoney.com/notices/detail/300256/AN202501201642370361.html
300256,星星科技,星星科技:2025年第一次临时股东大会决议公告,股东大会决议公告,2025-01-20,https://data.eastmoney.com/notices/detail/300256/AN202501201642370360.html
920718,合肥高科,合肥高科:第四届监事会第十四次会议决议公告,高管人员任职变动,2025-01-20,https://data.eastmoney.com/notices/detail/920718/AN202501201642370143.html
920718,合肥高科,合肥高科:2025年第一次临时股东大会决议公告,股东大会决议公告,2025-01-20,https://data.eastmoney.com/notices/detail/920718/AN202501201642370141.html
920718,合肥高科,合肥高科:监事会主席任命公告,高管人员任职变动,2025-01-20,https://data.eastmoney.com/notices/detail/920718/AN202501201642370142.html
920718,合肥高科,合肥高科:安徽天禾律师事务所关于合肥高科科技股份有限公司2025年第一次临时股东大会的法律意见书,法律意见书,2025-01-20,https://data.eastmoney.com/notices/detail/920718/AN202501201642370140.html
300406,九强生物,九强生物:舆情管理制度,管理办法/制度,2025-01-20,https://data.eastmoney.com/notices/detail/300406/AN202501201642370081.html
300700,岱勒新材,岱勒新材:2024年度业绩预告,业绩预告,2025-01-20,https://data.eastmoney.com/notices/detail/300700/AN202501201642370085.html
300449,汉邦高科,汉邦高科:2024年度业绩预告,业绩预告,2025-01-20,https://data.eastmoney.com/notices/detail/300449/AN202501201642370084.html
300406,九强生物,九强生物:第五届董事会第十三次会议决议公告,董事会决议公告,2025-01-20,https://data.eastmoney.com/notices/detail/300406/AN202501201642370082.html
920033,康普化学,康普化学:关于对外投资设立全资子公司并取得营业执照的公告,投资设立公司,2025-01-20,https://data.eastmoney.com/notices/detail/920033/AN202501201642370039.html
920976,视声智能,视声智能:关于使用闲置募集资金进行现金管理的进展公告,募集资金使用进展情况,2025-01-20,https://data.eastmoney.com/notices/detail/920976/AN202501201642370038.html
603733,仙鹤股份,仙鹤股份:2025年1月17日投资者调研报告,调研活动,2025-01-20,https://data.eastmoney.com/notices/detail/603733/AN202501201642369868.html
605299,舒华体育,舒华体育:2025年1月17日投资者关系活动记录表,调研活动,2025-01-20,https://data.eastmoney.com/notices/detail/605299/AN202501201642369861.html
300081,ST恒信,恒信东方:关于公司全资子公司为公司申请银行借款提供担保的公告,提供/对外担保公告,2025-01-20,https://data.eastmoney.com/notices/detail/300081/AN202501201642369992.html
301515,港通医疗,港通医疗:2024年度业绩预告,业绩预告,2025-01-20,https://data.eastmoney.com/notices/detail/301515/AN202501201642369996.html
301150,中一科技,中一科技:中国国际金融股份有限公司关于湖北中一科技股份有限公司2024年度持续督导培训情况的报告,保荐/核查意见,2025-01-20,https://data.eastmoney.com/notices/detail/301150/AN202501201642370002.html
301150,中一科技,中一科技:中国国际金融股份有限公司关于湖北中一科技股份有限公司2024年度持续督导定期现场检查报告,保荐/核查意见,2025-01-20,https://data.eastmoney.com/notices/detail/301150/AN202501201642370006.html
301150,中一科技,中一科技:2024年年度业绩预告,业绩预告,2025-01-20,https://data.eastmoney.com/notices/detail/301150/AN202501201642370003.html
301072,中捷精工,中捷精工:2024年度业绩预告,业绩预告,2025-01-20,https://data.eastmoney.com/notices/detail/301072/AN202501201642369995.html
300576,容大感光,容大感光:2024年度业绩预告,业绩预告,2025-01-20,https://data.eastmoney.com/notices/detail/300576/AN202501201642370004.html
300441,鲍斯股份,鲍斯股份:2024年度业绩预告,业绩预告,2025-01-20,https://data.eastmoney.com/notices/detail/300441/AN202501201642369999.html
600325,华发股份,3-2国金证券股份有限公司及华金证券股份有限公司关于珠海华发实业股份有限公司向特定对象发行可转换公司债券之上市保荐书,沪主板再融资上市保荐书,2025-01-20,https://data.eastmoney.com/notices/detail/600325/AN202501201642369760.html
600325,华发股份,3-1国金证券股份有限公司及华金证券股份有限公司关于珠海华发实业股份有限公司向特定对象发行可转换公司债券之发行保荐书,沪主板再融资发行保荐书,2025-01-20,https://data.eastmoney.com/notices/detail/600325/AN202501201642369759.html
600325,华发股份,4-1广东恒益律师事务所关于珠海华发实业股份有限公司向特定对象发行可转换公司债券之法律意见书,沪主板再融资法律意见书,2025-01-20,https://data.eastmoney.com/notices/detail/600325/AN202501201642369758.html
600325,华发股份,6-1中审众环会计师事务所(特殊普通合伙)关于珠海华发实业股份有限公司向特定对象发行可转换公司债券的财务报告及审计报告,沪主板再融资审计报告,2025-01-20,https://data.eastmoney.com/notices/detail/600325/AN202501201642369761.html
300492,华图山鼎,华图山鼎:关于控股股东工商登记信息发生变更的公告,公司关联方基本资料变更,2025-01-20,https://data.eastmoney.com/notices/detail/300492/AN202501201642369792.html
920970,大禹生物,大禹生物:关于全资孙公司完成工商注册并取得营业执照的公告,公司关联方基本资料变更,2025-01-20,https://data.eastmoney.com/notices/detail/920970/AN202501201642369763.html
920023,*ST田野,田野股份:关于变更签字注册会计师的公告,公司关联方基本资料变更,2025-01-20,https://data.eastmoney.com/notices/detail/920023/AN202501201642369762.html
600325,华发股份,1-1珠海华发实业股份有限公司向特定对象发行可转换公司债券证券募集说明书(申报稿),沪主板再融资募集说明书申报稿,2025-01-20,https://data.eastmoney.com/notices/detail/600325/AN202501201642369637.html
301229,纽泰格,纽泰格:关于聘任董事长助理及变更董事会秘书和证券事务代表的公告,高管人员任职变动,2025-01-20,https://data.eastmoney.com/notices/detail/301229/AN202501201642369618.html
301229,纽泰格,纽泰格:第三届董事会第二十一次会议决议公告,高管人员任职变动,2025-01-20,https://data.eastmoney.com/notices/detail/301229/AN202501201642369600.html
301229,纽泰格,纽泰格:上海市通力律师事务所关于江苏纽泰格科技集团股份有限公司2025年第一次临时股东大会的法律意见书,法律意见书,2025-01-20,https://data.eastmoney.com/notices/detail/301229/AN202501201642369607.html
301229,纽泰格,纽泰格:关于2025年第一次临时股东大会决议公告,股东大会决议公告,2025-01-20,https://data.eastmoney.com/notices/detail/301229/AN202501201642369602.html
300077,国民技术,国民技术:关于为控股子公司内蒙古斯诺的全资子公司提供担保的进展公告,提供/对外担保公告,2025-01-20,https://data.eastmoney.com/notices/detail/300077/AN202501201642369598.html
301131,聚赛龙,聚赛龙:关于控股股东、实际控制人及其一致行动人持有公司可转债变动比例达到10%的公告,其他,2025-01-20,https://data.eastmoney.com/notices/detail/301131/AN202501201642369458.html
300950,德固特,德固特:德固特关于第五届董事会第四次会议决议的公告,董事会决议公告,2025-01-20,https://data.eastmoney.com/notices/detail/300950/AN202501201642369461.html
300950,德固特,德固特:德固特关于向银行申请综合授信额度的公告,借贷,2025-01-20,https://data.eastmoney.com/notices/detail/300950/AN202501201642369345.html
300950,德固特,德固特:德固特2025年限制性股票激励计划(草案),股权激励计划,2025-01-20,https://data.eastmoney.com/notices/detail/300950/AN202501201642369460.html
300950,德固特,德固特:上海信公轶禾企业管理咨询有限公司关于青岛德固特节能装备股份有限公司2025年限制性股票激励计划(草案)之独立财务顾问报告,保荐/核查意见,2025-01-20,https://data.eastmoney.com/notices/detail/300950/AN202501201642369341.html
300950,德固特,德固特:德固特关于第五届监事会第四次会议决议的公告,监事会决议公告,2025-01-20,https://data.eastmoney.com/notices/detail/300950/AN202501201642369468.html
300950,德固特,德固特:德固特2025年限制性股票激励计划(草案)摘要,股权激励计划摘要,2025-01-20,https://data.eastmoney.com/notices/detail/300950/AN202501201642369466.html
300950,德固特,德固特:德固特2025年限制性股票激励计划实施考核管理办法,管理办法/制度,2025-01-20,https://data.eastmoney.com/notices/detail/300950/AN202501201642369356.html
300950,德固特,德固特:德固特2025年限制性股票激励计划激励对象名单,股权激励对象名单,2025-01-20,https://data.eastmoney.com/notices/detail/300950/AN202501201642369348.html
300950,德固特,德固特:德固特2025年限制性股票激励计划自查表,股权激励计划,2025-01-20,https://data.eastmoney.com/notices/detail/300950/AN202501201642369469.html
300950,德固特,德固特:北京市金杜(青岛)律师事务所关于青岛德固特节能装备股份有限公司2025年限制性股票激励计划(草案)的法律意见书,法律意见书,2025-01-20,https://data.eastmoney.com/notices/detail/300950/AN202501201642369474.html
301518,长华化学,长华化学:2024年度业绩预告,业绩预告,2025-01-20,https://data.eastmoney.com/notices/detail/301518/AN202501201642369353.html
301518,长华化学,长华化学:东吴证券股份有限公司关于长华化学科技股份有限公司2024年度持续督导培训情况报告书,保荐/核查意见,2025-01-20,https://data.eastmoney.com/notices/detail/301518/AN202501201642369352.html
301518,长华化学,长华化学:东吴证券股份有限公司关于长华化学科技股份有限公司2024年定期现场检查报告,保荐/核查意见,2025-01-20,https://data.eastmoney.com/notices/detail/301518/AN202501201642369344.html
300105,龙源技术,龙源技术:北京市环球律师事务所关于烟台龙源电力技术股份有限公司2025年第一次临时股东大会之法律意见书,法律意见书,2025-01-20,https://data.eastmoney.com/notices/detail/300105/AN202501201642369354.html
300105,龙源技术,龙源技术:关于回购注销部分限制性股票减资暨通知债权人的公告,公司注册资本变更,2025-01-20,https://data.eastmoney.com/notices/detail/300105/AN202501201642369349.html
300105,龙源技术,龙源技术:2025年第一次临时股东大会决议公告,股东大会决议公告,2025-01-20,https://data.eastmoney.com/notices/detail/300105/AN202501201642369471.html
301555,惠柏新材,惠柏新材:2024年度业绩预告,业绩预告,2025-01-20,https://data.eastmoney.com/notices/detail/301555/AN202501201642369478.html
300815,玉禾田,玉禾田:广东信达律师事务所关于公司2025年第一次临时股东大会的法律意见书,法律意见书,2025-01-20,https://data.eastmoney.com/notices/detail/300815/AN202501201642369476.html
300815,玉禾田,玉禾田:公司2025年第一次临时股东大会决议公告,股东大会决议公告,2025-01-20,https://data.eastmoney.com/notices/detail/300815/AN202501201642369475.html
300903,科翔股份,科翔股份:2024年度业绩预告,业绩预告,2025-01-20,https://data.eastmoney.com/notices/detail/300903/AN202501201642369464.html
301098,金埔园林,金埔园林:关于签订日常经营重大合同的公告,重大合同,2025-01-20,https://data.eastmoney.com/notices/detail/301098/AN202501201642369477.html
301228,实朴检测,实朴检测:2024年年度业绩预告,业绩预告,2025-01-20,https://data.eastmoney.com/notices/detail/301228/AN202501201642369286.html
603280,南方路机,南方路机:投资者关系活动记录表,调研活动,2025-01-20,https://data.eastmoney.com/notices/detail/603280/AN202501201642369179.html
603822,ST嘉澳,嘉澳环保:投资者关系活动记录表,调研活动,2025-01-20,https://data.eastmoney.com/notices/detail/603822/AN202501201642369178.html
600363,联创光电,联创光电:投资者关系活动记录表20250120,调研活动,2025-01-20,https://data.eastmoney.com/notices/detail/600363/AN202501201642369180.html
300853,申昊科技,申昊科技:关于完成工商变更登记并换发营业执照的公告,公司经营范围变更,2025-01-20,https://data.eastmoney.com/notices/detail/300853/AN202501201642369011.html
300772,运达股份,运达股份:关于为全资子公司提供担保的进展公告,提供/对外担保公告,2025-01-20,https://data.eastmoney.com/notices/detail/300772/AN202501201642369012.html
300913,兆龙互连,兆龙互连:2024年度业绩预告,业绩预告,2025-01-20,https://data.eastmoney.com/notices/detail/300913/AN202501201642369009.html
300692,中赋科技,中环环保:关于特定股东减持计划期限届满暨实施情况的公告,股东/实际控制人股份减持,2025-01-20,https://data.eastmoney.com/notices/detail/300692/AN202501201642369010.html
300375,鹏翎股份,鹏翎股份:2024年度业绩预告,业绩预告,2025-01-20,https://data.eastmoney.com/notices/detail/300375/AN202501201642369007.html
603959,ST百利,关于对湖南百利工程科技股份有限公司、实际控制人暨时任董事长、总裁王海荣及有关责任人予以纪律处分的决定,上交所股票通报批评,2025-01-20,https://data.eastmoney.com/notices/detail/603959/AN202501201642367253.html
301190,善水科技,善水科技:2024年度业绩预告的公告,业绩预告,2025-01-20,https://data.eastmoney.com/notices/detail/301190/AN202501201642368748.html
300982,苏文电能,苏文电能:2024年年度业绩预告,业绩预告,2025-01-20,https://data.eastmoney.com/notices/detail/300982/AN202501201642368745.html
300746,汉嘉数智,汉嘉设计:2024年度业绩预告,业绩预告,2025-01-20,https://data.eastmoney.com/notices/detail/300746/AN202501201642368746.html
920792,东和新材,东和新材:北京市海问律师事务所关于辽宁东和新材料股份有限公司2025年第一次临时股东大会的法律意见书,法律意见书,2025-01-20,https://data.eastmoney.com/notices/detail/920792/AN202501201642368736.html
920792,东和新材,东和新材:2025年第一次临时股东大会决议公告,股东大会决议公告,2025-01-20,https://data.eastmoney.com/notices/detail/920792/AN202501201642368737.html
300977,深圳瑞捷,深圳瑞捷:2024年度业绩预告,业绩预告,2025-01-20,https://data.eastmoney.com/notices/detail/300977/AN202501201642368705.html
920016,中草香料,中草香料:关于全资子公司取得不动产权证书的公告,获得认证,2025-01-20,https://data.eastmoney.com/notices/detail/920016/AN202501201642368672.html
301511,德福科技,德福科技:关于为子公司提供担保的进展公告,提供/对外担保公告,2025-01-20,https://data.eastmoney.com/notices/detail/301511/AN202501201642368661.html
301093,华兰股份,华兰股份:关于开立募集资金现金管理产品专用结算账户的公告,投资理财,2025-01-20,https://data.eastmoney.com/notices/detail/301093/AN202501201642368503.html
301280,珠城科技,珠城科技:2024年度业绩预告,业绩预告,2025-01-20,https://data.eastmoney.com/notices/detail/301280/AN202501201642368506.html
300861,美畅股份,美畅股份:2024年度业绩预告,业绩预告,2025-01-20,https://data.eastmoney.com/notices/detail/300861/AN202501201642368515.html
300787,海能实业,海能实业:关于控股股东、实际控制人、董事长及一致行动人股份变动触及1%的公告,高管人员持股变动,2025-01-20,https://data.eastmoney.com/notices/detail/300787/AN202501201642368504.html
300861,美畅股份,美畅股份:关于使用暂时闲置募集资金及闲置自有资金进行现金管理的进展公告,募集资金使用进展情况,2025-01-20,https://data.eastmoney.com/notices/detail/300861/AN202501201642368511.html
300158,振东制药,振东制药:关于股东股份质押及解押的公告,股份质押、冻结,2025-01-20,https://data.eastmoney.com/notices/detail/300158/AN202501201642368513.html
300921,南凌科技,南凌科技:2024年度业绩预告,业绩预告,2025-01-20,https://data.eastmoney.com/notices/detail/300921/AN202501201642368505.html
301263,泰恩康,泰恩康:关于控股股东、实际控制人部分股份解除质押的公告,股份质押、冻结,2025-01-20,https://data.eastmoney.com/notices/detail/301263/AN202501201642368516.html
301093,华兰股份,华兰股份:关于完成工商变更登记并换发营业执照的公告,公司注册资本变更,2025-01-20,https://data.eastmoney.com/notices/detail/301093/AN202501201642368512.html
600956,新天绿能,新天绿能:投资者关系活动记录表 - 2024年12月,调研活动,2025-01-20,https://data.eastmoney.com/notices/detail/600956/AN202501201642368450.html
605488,福莱新材,福莱新材:投资者关系活动记录表(2025年01月20日),调研活动,2025-01-20,https://data.eastmoney.com/notices/detail/605488/AN202501201642368451.html
300978,东箭科技,东箭科技:关于对外担保的进展公告,提供/对外担保公告,2025-01-20,https://data.eastmoney.com/notices/detail/300978/AN202501201642368341.html
301300,远翔新材,远翔新材:2024年年度业绩预告,业绩预告,2025-01-20,https://data.eastmoney.com/notices/detail/301300/AN202501201642368308.html
300832,新产业,新产业:关于获得医疗器械注册证的公告,其他,2025-01-20,https://data.eastmoney.com/notices/detail/300832/AN202501201642368305.html
300346,南大光电,南大光电:关于完成工商变更登记的公告,公司注册资本变更,2025-01-20,https://data.eastmoney.com/notices/detail/300346/AN202501201642368303.html
300346,南大光电,南大光电:关于公司副总裁辞职的公告,高管人员任职变动,2025-01-20,https://data.eastmoney.com/notices/detail/300346/AN202501201642368304.html
301095,广立微,广立微:关于完成工商变更登记并换发营业执照的公告,公司章程修订,2025-01-20,https://data.eastmoney.com/notices/detail/301095/AN202501201642368306.html
300073,当升科技,当升科技:关于召开2025年第一次临时股东大会的提示性公告,召开股东大会提示性公告,2025-01-20,https://data.eastmoney.com/notices/detail/300073/AN202501201642368309.html
300488,恒锋工具,恒锋工具:300488恒锋工具投资者关系管理信息20250120,调研活动,2025-01-20,https://data.eastmoney.com/notices/detail/300488/AN202501201642368250.html
301318,维海德,维海德:2024年度业绩预告,业绩预告,2025-01-20,https://data.eastmoney.com/notices/detail/301318/AN202501201642368263.html
300843,胜蓝股份,胜蓝股份:北京市嘉源律师事务所关于胜蓝科技股份有限公司2025年第一次临时股东大会的法律意见书,法律意见书,2025-01-20,https://data.eastmoney.com/notices/detail/300843/AN202501201642368125.html
300843,胜蓝股份,胜蓝股份:2025年第一次临时股东大会决议公告,股东大会决议公告,2025-01-20,https://data.eastmoney.com/notices/detail/300843/AN202501201642368136.html
301508,中机认检,中机认检:中机寰宇认证检验股份有限公司关于签订战略合作框架协议的公告,获得认证,2025-01-20,https://data.eastmoney.com/notices/detail/301508/AN202501201642368139.html
300674,宇信科技,宇信科技:关于控股股东部分股份质押的公告,股份质押、冻结,2025-01-20,https://data.eastmoney.com/notices/detail/300674/AN202501201642368127.html
300374,中铁装配,中铁装配:2024年度业绩预告,业绩预告,2025-01-20,https://data.eastmoney.com/notices/detail/300374/AN202501201642368133.html
300044,*ST赛为,赛为智能:2024年度业绩预告,业绩预告,2025-01-20,https://data.eastmoney.com/notices/detail/300044/AN202501201642368122.html
301186,超达装备,超达装备:华泰联合证券有限责任公司关于南通超达装备股份有限公司持续督导期2024年培训情况报告,保荐/核查意见,2025-01-20,https://data.eastmoney.com/notices/detail/301186/AN202501201642368066.html
300656,民德电子,民德电子:关于召开2025年第一次临时股东大会的提示性公告,召开股东大会提示性公告,2025-01-20,https://data.eastmoney.com/notices/detail/300656/AN202501201642367928.html
300369,绿盟科技,绿盟科技:2024年年度业绩预告,业绩预告,2025-01-20,https://data.eastmoney.com/notices/detail/300369/AN202501201642367935.html
002997,瑞鹄模具,瑞鹄模具:002997瑞鹄模具投资者关系管理信息20250120,调研活动,2025-01-20,https://data.eastmoney.com/notices/detail/002997/AN202501201642367805.html
300225,金力泰,金力泰:2024年度业绩预告,业绩预告,2025-01-20,https://data.eastmoney.com/notices/detail/300225/AN202501201642367898.html
300001,特锐德,特锐德:关于项目预中标的提示性公告,重大合同,2025-01-20,https://data.eastmoney.com/notices/detail/300001/AN202501201642367897.html
300486,东杰智能,东杰智能:关于取得专利证书的公告,获得认证,2025-01-20,https://data.eastmoney.com/notices/detail/300486/AN202501201642367746.html
300323,华灿光电,华灿光电:关于公司为全资子公司提供担保的公告,提供/对外担保公告,2025-01-20,https://data.eastmoney.com/notices/detail/300323/AN202501201642367667.html
920045,蘅东光,蘅东光:关于对全资子公司增资并完成工商变更的公告,公司关联方基本资料变更,2025-01-20,https://data.eastmoney.com/notices/detail/920045/AN202501201642367531.html
301193,家联科技,家联科技:关于为全资子公司提供担保的进展公告,提供/对外担保公告,2025-01-20,https://data.eastmoney.com/notices/detail/301193/AN202501201642367475.html
300551,古鳌科技,古鳌科技:关于收到中标通知书的公告,重大合同,2025-01-20,https://data.eastmoney.com/notices/detail/300551/AN202501201642367268.html
600811,*ST东方,关于对东方集团股份有限公司控股股东东方集团有限公司及实际控制人张宏伟予以通报批评的决定,上交所股票监管措施,2025-01-20,https://data.eastmoney.com/notices/detail/600811/AN202501201642367252.html
603959,ST百利,关于对湖南百利工程科技股份有限公司、实际控制人暨时任董事长、总裁王海荣及有关责任人予以纪律处分的决定,上交所股票监管措施,2025-01-20,https://data.eastmoney.com/notices/detail/603959/AN202501201642367251.html
920662,方盛股份,方盛股份:关于完成工商变更登记及公司章程备案并取得营业执照的公告,公司章程,2025-01-20,https://data.eastmoney.com/notices/detail/920662/AN202501201642367212.html
300551,古鳌科技,古鳌科技:关于公司控股股东股份新增轮候冻结的公告,股份质押、冻结,2025-01-20,https://data.eastmoney.com/notices/detail/300551/AN202501201642367206.html
920662,方盛股份,方盛股份:投资者关系活动记录表,调研活动,2025-01-20,https://data.eastmoney.com/notices/detail/920662/AN202501201642367177.html
300919,中伟新材,中伟股份:关于董事会秘书辞职暨聘任董事会秘书的公告,高管人员任职变动,2025-01-20,https://data.eastmoney.com/notices/detail/300919/AN202501201642367010.html
300919,中伟新材,中伟股份:第二届董事会第二十六次会议决议公告,高管人员任职变动,2025-01-20,https://data.eastmoney.com/notices/detail/300919/AN202501201642367011.html
300850,新强联,新强联:关于持股5%以上股东减持股份触及1%整数倍的提示性公告,股东/实际控制人股份减持,2025-01-20,https://data.eastmoney.com/notices/detail/300850/AN202501201642366993.html
300112,万讯自控,万讯自控:关于股东股份解除质押的公告,股份质押、冻结,2025-01-20,https://data.eastmoney.com/notices/detail/300112/AN202501201642366994.html
300385,ST雪浪,雪浪环境:2024年度业绩预告,业绩预告,2025-01-20,https://data.eastmoney.com/notices/detail/300385/AN202501201642366992.html
300268,佳沃食品,ST佳沃:关于智利子公司重大诉讼事项进展的公告,诉讼仲裁,2025-01-20,https://data.eastmoney.com/notices/detail/300268/AN202501201642366804.html
300268,佳沃食品,ST佳沃:关于智利子公司合规方案审批的进展公告,其他,2025-01-20,https://data.eastmoney.com/notices/detail/300268/AN202501201642366807.html
300268,佳沃食品,ST佳沃:关于智利子公司合规方案审批的进展公告,其他,2025-01-20,https://data.eastmoney.com/notices/detail/300268/AN202501201642366808.html
301230,泓博医药,泓博医药:2024年度业绩预告,业绩预告,2025-01-20,https://data.eastmoney.com/notices/detail/301230/AN202501201642366767.html
300118,东方日升,东方日升:关于召开2025年第一次临时股东大会的提示性公告,召开股东大会提示性公告,2025-01-20,https://data.eastmoney.com/notices/detail/300118/AN202501201642366771.html
301183,东田微,东田微:2024年度业绩预告,业绩预告,2025-01-20,https://data.eastmoney.com/notices/detail/301183/AN202501201642366256.html
300505,川金诺,川金诺:川金诺2025年1月17日投资者关系活动记录表,调研活动,2025-01-20,https://data.eastmoney.com/notices/detail/300505/AN202501201642366288.html
300953,震裕科技,震裕科技:关于控股股东、实际控制人及其一致行动人持股比例被动稀释的公告,其他,2025-01-20,https://data.eastmoney.com/notices/detail/300953/AN202501201642366239.html
300953,震裕科技,震裕科技:2024年度业绩预告,业绩预告,2025-01-20,https://data.eastmoney.com/notices/detail/300953/AN202501201642366232.html
300289,利德曼,利德曼:关于使用闲置自有资金进行委托理财的进展公告,委托（受托）事项,2025-01-20,https://data.eastmoney.com/notices/detail/300289/AN202501201642366240.html
301227,森鹰窗业,森鹰窗业:2024年度业绩预告,业绩预告,2025-01-20,https://data.eastmoney.com/notices/detail/301227/AN202501201642366241.html
301227,森鹰窗业,森鹰窗业:关于完成工商变更登记备案并换发营业执照的公告,公司经营范围变更,2025-01-20,https://data.eastmoney.com/notices/detail/301227/AN202501201642366237.html
300285,国瓷材料,国瓷材料:舆情管理制度(2025年01月),管理办法/制度,2025-01-20,https://data.eastmoney.com/notices/detail/300285/AN202501201642366236.html
300285,国瓷材料,国瓷材料:第五届监事会第二十次会议决议公告,监事会决议公告,2025-01-20,https://data.eastmoney.com/notices/detail/300285/AN202501201642366238.html
300285,国瓷材料,国瓷材料:第五届董事会第二十次会议决议公告,董事会决议公告,2025-01-20,https://data.eastmoney.com/notices/detail/300285/AN202501201642366234.html
300285,国瓷材料,国瓷材料:关于变更签字会计师的公告,公司关联方基本资料变更,2025-01-20,https://data.eastmoney.com/notices/detail/300285/AN202501201642366242.html
300979,华利集团,华利集团:关于部分闲置募集资金现金管理到期赎回并继续进行现金管理的公告,投资理财,2025-01-20,https://data.eastmoney.com/notices/detail/300979/AN202501201642366233.html
300517,海波重科,海波重科:2024年度业绩预告,业绩预告,2025-01-20,https://data.eastmoney.com/notices/detail/300517/AN202501201642366235.html
301287,康力源,康力源:东海证券股份有限公司关于江苏康力源体育科技股份有限公司使用闲置自有资金进行委托理财的核查意见,保荐/核查意见,2025-01-20,https://data.eastmoney.com/notices/detail/301287/AN202501201642366222.html
300998,宁波方正,宁波方正:2024年度业绩预告,业绩预告,2025-01-20,https://data.eastmoney.com/notices/detail/300998/AN202501201642366198.html
002947,恒铭达,恒铭达:002947恒铭达投资者关系活动记录20250117,调研活动,2025-01-20,https://data.eastmoney.com/notices/detail/002947/AN202501201642366143.html
301287,康力源,康力源:第二届监事会第十次会议决议公告,监事会决议公告,2025-01-20,https://data.eastmoney.com/notices/detail/301287/AN202501201642366182.html
301287,康力源,康力源:第二届董事会第十一次会议决议公告,董事会决议公告,2025-01-20,https://data.eastmoney.com/notices/detail/301287/AN202501201642366178.html
301287,康力源,康力源:关于使用闲置自有资金进行委托理财的公告,委托（受托）事项,2025-01-20,https://data.eastmoney.com/notices/detail/301287/AN202501201642366188.html
301388,欣灵电气,欣灵电气:2024年度业绩预告,业绩预告,2025-01-20,https://data.eastmoney.com/notices/detail/301388/AN202501201642365820.html
300997,欢乐家,欢乐家:关于股东部分股份质押的公告,股份质押、冻结,2025-01-20,https://data.eastmoney.com/notices/detail/300997/AN202501201642365823.html
301188,力诺药包,力诺药包:关于控股股东部分股份解除质押及再质押的公告,股份质押、冻结,2025-01-20,https://data.eastmoney.com/notices/detail/301188/AN202501201642365821.html
301209,联合化学,联合化学:2024年度业绩预告,业绩预告,2025-01-20,https://data.eastmoney.com/notices/detail/301209/AN202501201642365822.html
002594,比亚迪,比亚迪:2025年1月17日投资者关系活动记录表,调研活动,2025-01-20,https://data.eastmoney.com/notices/detail/002594/AN202501201642365925.html
300668,杰恩股份,杰恩设计:2024年年度业绩预告,业绩预告,2025-01-20,https://data.eastmoney.com/notices/detail/300668/AN202501201642365774.html
301616,浙江华业,关于同意浙江华业首次公开发行股票注册的批复,创业板发行上市审核注册结果通知,2025-01-20,https://data.eastmoney.com/notices/detail/301616/AN202501201642365628.html
301206,三元生物,三元生物:2024年度业绩预告,业绩预告,2025-01-20,https://data.eastmoney.com/notices/detail/301206/AN202501201642365579.html
301323,新莱福,新莱福:关于聘任高级管理人员的公告,高管人员任职变动,2025-01-20,https://data.eastmoney.com/notices/detail/301323/AN202501201642365586.html
301323,新莱福,新莱福:第二届董事会第九次会议决议的公告,高管人员任职变动,2025-01-20,https://data.eastmoney.com/notices/detail/301323/AN202501201642365580.html
300973,立高食品,立高食品:2024年度业绩预告,业绩预告,2025-01-20,https://data.eastmoney.com/notices/detail/300973/AN202501201642365585.html
300117,*ST嘉寓,*ST嘉寓:2024年度业绩预告,业绩预告,2025-01-20,https://data.eastmoney.com/notices/detail/300117/AN202501201642365578.html
300489,光智科技,光智科技:关于为子公司提供担保的进展公告,提供/对外担保公告,2025-01-20,https://data.eastmoney.com/notices/detail/300489/AN202501201642365583.html
300973,立高食品,立高食品:关于股份回购实施结果暨股份变动的公告,股本变动,2025-01-20,https://data.eastmoney.com/notices/detail/300973/AN202501201642365439.html
300204,舒泰神,舒泰神:关于注射用STSP-0601取得IIb期临床研究总结报告的公告,保荐/核查意见,2025-01-20,https://data.eastmoney.com/notices/detail/300204/AN202501201642365371.html
300472,*ST新元,新元科技:北京市天元律师事务所关于万向新元科技股份有限公司2025年第一次临时股东会的法律意见,法律意见书,2025-01-20,https://data.eastmoney.com/notices/detail/300472/AN202501201642365373.html
300078,思创智联,思创医惠:关于全资子公司出售资产的进展公告,其他,2025-01-20,https://data.eastmoney.com/notices/detail/300078/AN202501201642365372.html
300472,*ST新元,新元科技:2025年第一次临时股东会决议公告,股东大会决议公告,2025-01-20,https://data.eastmoney.com/notices/detail/300472/AN202501201642365374.html
301505,苏州规划,苏州规划:2024年度业绩预告,业绩预告,2025-01-20,https://data.eastmoney.com/notices/detail/301505/AN202501201642364888.html
300677,英科医疗,英科医疗:关于公司及子公司提供担保事项的进展公告,提供/对外担保公告,2025-01-20,https://data.eastmoney.com/notices/detail/300677/AN202501201642364883.html
300573,兴齐眼药,兴齐眼药:关于获得药品注册证书的公告,获得认证,2025-01-20,https://data.eastmoney.com/notices/detail/300573/AN202501201642364894.html
300570,太辰光,太辰光:2024年度业绩预告,业绩预告,2025-01-20,https://data.eastmoney.com/notices/detail/300570/AN202501201642364885.html
300790,宇瞳光学,宇瞳光学:关于“质量回报双提升”行动方案的公告,其他,2025-01-20,https://data.eastmoney.com/notices/detail/300790/AN202501201642364582.html
300790,宇瞳光学,宇瞳光学:舆情管理制度,管理办法/制度,2025-01-20,https://data.eastmoney.com/notices/detail/300790/AN202501201642364590.html
300790,宇瞳光学,宇瞳光学:第四届董事会第三次会议决议公告,董事会决议公告,2025-01-20,https://data.eastmoney.com/notices/detail/300790/AN202501201642364584.html
301109,军信股份,军信股份:关于使用闲置自有资金进行现金管理的进展公告,投资理财,2025-01-20,https://data.eastmoney.com/notices/detail/301109/AN202501201642364591.html
300017,网宿科技,网宿科技:关于公司增值电信业务经营许可证完成续期的公告,其他,2025-01-20,https://data.eastmoney.com/notices/detail/300017/AN202501201642364586.html
300590,移为通信,移为通信:第四届监事会第八次会议决议公告,监事会决议公告,2025-01-20,https://data.eastmoney.com/notices/detail/300590/AN202501201642364588.html
300590,移为通信,移为通信:关于增加闲置自有资金进行现金管理额度的公告,投资理财,2025-01-20,https://data.eastmoney.com/notices/detail/300590/AN202501201642364589.html
300590,移为通信,移为通信:第四届董事会第十次会议决议公告,董事会决议公告,2025-01-20,https://data.eastmoney.com/notices/detail/300590/AN202501201642364587.html
688677,海泰新光,海泰新光:2025年1月投资者调研记录,调研活动,2025-01-20,https://data.eastmoney.com/notices/detail/688677/AN202501201642364401.html
300967,晓鸣股份,晓鸣股份:关于首次回购公司股份的公告,回购实施公告,2025-01-20,https://data.eastmoney.com/notices/detail/300967/AN202501201642364509.html
300909,汇创达,汇创达:关于使用部分自有资金进行现金管理的进展公告,投资理财,2025-01-20,https://data.eastmoney.com/notices/detail/300909/AN202501201642364507.html
300232,洲明科技,洲明科技:关于控股股东、实际控制人部分股份解除质押并重新质押的公告,股份质押、冻结,2025-01-20,https://data.eastmoney.com/notices/detail/300232/AN202501201642364508.html
300845,捷安高科,捷安高科:关于聘任公司财务负责人的公告,高管人员任职变动,2025-01-20,https://data.eastmoney.com/notices/detail/300845/AN202501201642364505.html
300845,捷安高科,捷安高科:第五届董事会第十四次会议决议公告,高管人员任职变动,2025-01-20,https://data.eastmoney.com/notices/detail/300845/AN202501201642364506.html
920126,永大股份,永大股份:关于全资子公司签订重大工程合同的公告,其他,2025-01-20,https://data.eastmoney.com/notices/detail/920126/AN202501201642364255.html
301211,亨迪药业,亨迪药业:关于公司布洛芬缓释胶囊获得药品注册证书的公告,获得认证,2025-01-20,https://data.eastmoney.com/notices/detail/301211/AN202501201642364191.html
300305,裕兴股份,裕兴股份:2024年度业绩预告,业绩预告,2025-01-20,https://data.eastmoney.com/notices/detail/300305/AN202501201642364192.html
301052,果麦文化,果麦文化:关于完成工商变更登记并换发营业执照的公告,公司注册资本变更,2025-01-20,https://data.eastmoney.com/notices/detail/301052/AN202501201642364181.html
301052,果麦文化,果麦文化:关于变更公司办公地址及公司LOGO的公告,公司办公地址变更,2025-01-20,https://data.eastmoney.com/notices/detail/301052/AN202501201642364182.html
300762,上海瀚讯,上海瀚讯:关于公司控股股东部分股份解除质押的公告,股份质押、冻结,2025-01-20,https://data.eastmoney.com/notices/detail/300762/AN202501201642364179.html
920289,华汇智能,华汇智能:内部控制鉴证报告,保荐/核查意见,2025-01-20,https://data.eastmoney.com/notices/detail/920289/AN202501201642364055.html
920289,华汇智能,华汇智能:2021年-2024年9月非经常性损益鉴证报告,保荐/核查意见,2025-01-20,https://data.eastmoney.com/notices/detail/920289/AN202501201642364157.html
301510,固高科技,固高科技:关于变更持续督导保荐代表人的公告,保荐代表人（机构）变更,2025-01-20,https://data.eastmoney.com/notices/detail/301510/AN202501201642364052.html
300779,惠城环保,惠城环保:关于“质量回报双提升”行动方案的公告,其他,2025-01-20,https://data.eastmoney.com/notices/detail/300779/AN202501201642364050.html
920289,华汇智能,华汇智能:内部控制自我评价报告,内部控制报告,2025-01-20,https://data.eastmoney.com/notices/detail/920289/AN202501201642363967.html
920289,华汇智能,华汇智能:公司最近三年及一期审计报告,审计报告,2025-01-20,https://data.eastmoney.com/notices/detail/920289/AN202501201642363547.html
300491,通合科技,通合科技:关于获得发明专利证书及实用新型专利证书的公告,获得认证,2025-01-20,https://data.eastmoney.com/notices/detail/300491/AN202501201642363518.html
301009,可靠股份,可靠股份:2024年度业绩预告,业绩预告,2025-01-20,https://data.eastmoney.com/notices/detail/301009/AN202501201642363496.html
002912,中新赛克,中新赛克:2025年1月17日投资者关系活动记录表,调研活动,2025-01-20,https://data.eastmoney.com/notices/detail/002912/AN202501201642363581.html
301130,西点药业,西点药业:海通证券股份有限公司关于吉林省西点药业科技发展股份有限公司部分募集资金投资项目延期的核查意见,保荐/核查意见,2025-01-20,https://data.eastmoney.com/notices/detail/301130/AN202501201642363329.html
301130,西点药业,西点药业:海通证券股份有限公司关于吉林省西点药业科技发展股份有限公司使用部分闲置募集资金进行现金管理及使用部分闲置自有资金进行现金管理和委托理财的核查意见,保荐/核查意见,2025-01-20,https://data.eastmoney.com/notices/detail/301130/AN202501201642363327.html
301130,西点药业,西点药业:关于部分募投项目延期的公告,变更募集资金投资项目,2025-01-20,https://data.eastmoney.com/notices/detail/301130/AN202501201642363328.html
301130,西点药业,西点药业:关于使用部分闲置募集资金进行现金管理及使用部分闲置自有资金进行现金管理和委托理财的公告,委托（受托）事项,2025-01-20,https://data.eastmoney.com/notices/detail/301130/AN202501201642363326.html
301130,西点药业,西点药业:第八届监事会第十次会议决议公告,监事会决议公告,2025-01-20,https://data.eastmoney.com/notices/detail/301130/AN202501201642363330.html
301130,西点药业,西点药业:第八届董事会第十次会议决议公告,董事会决议公告,2025-01-20,https://data.eastmoney.com/notices/detail/301130/AN202501201642363325.html
300943,春晖智控,春晖智控:关于召开2025年第一次临时股东大会的提示性公告,召开股东大会提示性公告,2025-01-20,https://data.eastmoney.com/notices/detail/300943/AN202501201642363290.html
300612,宣亚国际,宣亚国际:第五届董事会第七次会议决议公告,董事会决议公告,2025-01-20,https://data.eastmoney.com/notices/detail/300612/AN202501201642363284.html
300985,致远新能,致远新能:第二届董事会第二十二次会议决议公告,董事会决议公告,2025-01-20,https://data.eastmoney.com/notices/detail/300985/AN202501201642363280.html
300612,宣亚国际,宣亚国际:关于为二级全资子公司提供担保的公告,提供/对外担保公告,2025-01-20,https://data.eastmoney.com/notices/detail/300612/AN202501201642363269.html
301281,科源制药,科源制药:关于重大资产重组的进展公告,重组进展公告,2025-01-20,https://data.eastmoney.com/notices/detail/301281/AN202501201642363286.html
300094,国联水产,国联水产:关于为子公司提供担保额度的进展公告,提供/对外担保公告,2025-01-20,https://data.eastmoney.com/notices/detail/300094/AN202501201642363264.html
300953,震裕科技,震裕科技:关于对外担保的进展公告,提供/对外担保公告,2025-01-20,https://data.eastmoney.com/notices/detail/300953/AN202501201642363271.html
300612,宣亚国际,宣亚国际:第六届监事会第七次会议决议公告,监事会决议公告,2025-01-20,https://data.eastmoney.com/notices/detail/300612/AN202501201642363272.html
300985,致远新能,致远新能:第二届监事会第十八次会议决议公告,监事会决议公告,2025-01-20,https://data.eastmoney.com/notices/detail/300985/AN202501201642363266.html
301085,亚康股份,亚康股份:关于持股5%以上股东完成工商变更的公告,公司关联方基本资料变更,2025-01-20,https://data.eastmoney.com/notices/detail/301085/AN202501201642363283.html
301189,奥尼电子,奥尼电子:2024年度业绩预告,业绩预告,2025-01-20,https://data.eastmoney.com/notices/detail/301189/AN202501201642363285.html
300985,致远新能,致远新能:关于公司向银行申请增加授信额度的公告,借贷,2025-01-20,https://data.eastmoney.com/notices/detail/300985/AN202501201642363278.html
920289,华汇智能,华汇智能:第一届监事会第十二次会议决议公告,监事会决议公告,2025-01-20,https://data.eastmoney.com/notices/detail/920289/AN202501201642363125.html
920289,华汇智能,华汇智能:第一届董事会第十五次会议决议公告,董事会决议公告,2025-01-20,https://data.eastmoney.com/notices/detail/920289/AN202501201642363120.html
002158,汉钟精机,汉钟精机:2025年1月13日投资者关系活动记录表,调研活动,2025-01-20,https://data.eastmoney.com/notices/detail/002158/AN202501201642362138.html
603977,国泰集团,国泰集团:投资者关系活动记录表(20250120),调研活动,2025-01-20,https://data.eastmoney.com/notices/detail/603977/AN202501201642362115.html
688696,极米科技,极米科技:极米科技股份有限公司投资者关系活动记录表(2025年1月17日),调研活动,2025-01-20,https://data.eastmoney.com/notices/detail/688696/AN202501201642362113.html
688786,悦安新材,悦安新材:2025-002 688786悦安新材投资者关系活动记录表,调研活动,2025-01-20,https://data.eastmoney.com/notices/detail/688786/AN202501201642362110.html
688018,乐鑫科技,乐鑫科技:2025年1月16日投资者关系活动记录表,调研活动,2025-01-20,https://data.eastmoney.com/notices/detail/688018/AN202501201642362112.html
688088,虹软科技,虹软科技:投资者关系活动记录表2025-001,调研活动,2025-01-20,https://data.eastmoney.com/notices/detail/688088/AN202501201642362116.html
605305,中际联合,中际联合:投资者关系活动记录表(2025年1月17日),调研活动,2025-01-20,https://data.eastmoney.com/notices/detail/605305/AN202501201642362117.html
600894,广日股份,广日股份: 2025年1月8、9、10、15日 投资者交流记录,调研活动,2025-01-20,https://data.eastmoney.com/notices/detail/600894/AN202501201642362111.html
688131,皓元医药,皓元医药:投资者关系活动记录表(2025年1月14日-16日),调研活动,2025-01-20,https://data.eastmoney.com/notices/detail/688131/AN202501201642362114.html
920055,隆源股份,隆源股份:关于公司申请向不特定合格投资者公开发行股票并在北京证券交易所上市后三年股东分红回报规划的公告,其他,2025-01-20,https://data.eastmoney.com/notices/detail/920055/AN202501201642362303.html
920018,宏远股份,宏远股份:2025年第一次临时股东大会决议公告,股东大会决议公告,2025-01-20,https://data.eastmoney.com/notices/detail/920018/AN202501201642362210.html
920018,宏远股份,宏远股份:第三届董事会第一次会议决议公告,高管人员任职变动,2025-01-20,https://data.eastmoney.com/notices/detail/920018/AN202501201642362163.html
920055,隆源股份,隆源股份:第一届董事会第十五次会议决议公告,董事会决议公告,2025-01-20,https://data.eastmoney.com/notices/detail/920055/AN202501201642362169.html
920055,隆源股份,隆源股份:关于调整公司组织架构的公告,其他,2025-01-20,https://data.eastmoney.com/notices/detail/920055/AN202501201642361622.html
920055,隆源股份,隆源股份:监事会关于公司申请向不特定合格投资者公开发行股票并在北京证券交易所上市方案的书面审核意见,专项说明/独立意见,2025-01-20,https://data.eastmoney.com/notices/detail/920055/AN202501201642362211.html
920055,隆源股份,隆源股份:关于召开2025年第一次临时股东会通知公告(提供网络投票),召开股东大会通知,2025-01-20,https://data.eastmoney.com/notices/detail/920055/AN202501201642362288.html
920018,宏远股份,宏远股份:董事会专门委员会换届公告,高管人员任职变动,2025-01-20,https://data.eastmoney.com/notices/detail/920018/AN202501201642362218.html
920159,农大科技,农大科技:委托理财的公告,委托（受托）事项,2025-01-20,https://data.eastmoney.com/notices/detail/920159/AN202501201642362300.html
920055,隆源股份,隆源股份:独立董事关于第一届董事会第十五次会议相关事项的独立意见,专项说明/独立意见,2025-01-20,https://data.eastmoney.com/notices/detail/920055/AN202501201642362309.html
920018,宏远股份,宏远股份:第三届监事会第一次会议决议公告,高管人员任职变动,2025-01-20,https://data.eastmoney.com/notices/detail/920018/AN202501201642361632.html
920055,隆源股份,隆源股份:关于向宁波证监局报送变更辅导备案的提示性公告,上市辅导公告,2025-01-20,https://data.eastmoney.com/notices/detail/920055/AN202501201642362167.html
920055,隆源股份,隆源股份:关于董事会审议公开发行股票并在北交所上市议案的提示性公告,其他,2025-01-20,https://data.eastmoney.com/notices/detail/920055/AN202501201642362160.html
920018,宏远股份,宏远股份:独立董事关于公司第三届董事会第一次会议相关事项的独立意见,专项说明/独立意见,2025-01-20,https://data.eastmoney.com/notices/detail/920018/AN202501201642361650.html
920055,隆源股份,隆源股份:独立董事关于第一届董事会第十五次会议相关事项的事前认可意见,专项说明/独立意见,2025-01-20,https://data.eastmoney.com/notices/detail/920055/AN202501201642362166.html
920159,农大科技,农大科技:第一届董事会第十七次会议决议公告,董事会决议公告,2025-01-20,https://data.eastmoney.com/notices/detail/920159/AN202501201642362313.html
920159,农大科技,农大科技:第一届监事会第十七次会议决议公告,监事会决议公告,2025-01-20,https://data.eastmoney.com/notices/detail/920159/AN202501201642361645.html
920159,农大科技,农大科技:关于召开2025年第一次临时股东会通知公告,召开股东大会通知,2025-01-20,https://data.eastmoney.com/notices/detail/920159/AN202501201642361619.html
920055,隆源股份,隆源股份:关于公司向不特定合格投资者公开发行股票并在北京证券交易所上市后三年内稳定股价预案的公告,其他,2025-01-20,https://data.eastmoney.com/notices/detail/920055/AN202501201642362315.html
920055,隆源股份,隆源股份:申请公开发行股票并在北交所上市辅导备案及其进展公告,上市辅导公告,2025-01-20,https://data.eastmoney.com/notices/detail/920055/AN202501201642361613.html
920159,农大科技,农大科技:关于预计2025年日常性关联交易的公告,关联交易,2025-01-20,https://data.eastmoney.com/notices/detail/920159/AN202501201642362219.html
920055,隆源股份,隆源股份:关于公司申请向不特定合格投资者公开发行股票并在北京证券交易所上市前滚存利润分配方案的公告,其他,2025-01-20,https://data.eastmoney.com/notices/detail/920055/AN202501201642362239.html
920159,农大科技,农大科技:独立董事关于第一届董事会第十七次会议相关事项的独立意见,专项说明/独立意见,2025-01-20,https://data.eastmoney.com/notices/detail/920159/AN202501201642362299.html
920055,隆源股份,隆源股份:关于公司申请向不特定合格投资者公开发行股票并在北京证券交易所上市摊薄即期回报的填补措施及相关承诺的公告,其他,2025-01-20,https://data.eastmoney.com/notices/detail/920055/AN202501201642362281.html
920055,隆源股份,隆源股份:关于公司申请向不特定合格投资者公开发行股票并在北京证券交易所上市募集资金投资项目及其可行性的公告,其他,2025-01-20,https://data.eastmoney.com/notices/detail/920055/AN202501201642362280.html
920018,宏远股份,宏远股份:董事长、高级管理人员、监事会主席换届公告,高管人员任职变动,2025-01-20,https://data.eastmoney.com/notices/detail/920018/AN202501201642362186.html
920055,隆源股份,隆源股份:关于公司申请向不特定合格投资者公开发行股票并在北京证券交易所上市所涉及承诺事项及相应约束措施的公告,其他,2025-01-20,https://data.eastmoney.com/notices/detail/920055/AN202501201642361653.html
688511,天微电子,关于四川天微电子股份有限公司的监管工作函,上交所股票监管工作函,2025-01-20,https://data.eastmoney.com/notices/detail/688511/AN202501201642360497.html
688001,华兴源创,关于苏州华兴源创科技股份有限公司的监管工作函,上交所股票监管工作函,2025-01-20,https://data.eastmoney.com/notices/detail/688001/AN202501201642360496.html
300083,创世纪,创世纪:关于下属公司为下属公司提供担保的公告,提供/对外担保公告,2025-01-20,https://data.eastmoney.com/notices/detail/300083/AN202501201642356925.html
300888,稳健医疗,稳健医疗:001-2025年1月17日 投资者关系活动记录表附件之与会清单,调研活动,2025-01-20,https://data.eastmoney.com/notices/detail/300888/AN202501201642355311.html
002024,ST易购,ST易购:2025年1月17日投资者关系活动记录表,调研活动,2025-01-20,https://data.eastmoney.com/notices/detail/002024/AN202501201642354237.html
300888,稳健医疗,稳健医疗:001-2025年1月17日 投资者关系活动记录表,调研活动,2025-01-20,https://data.eastmoney.com/notices/detail/300888/AN202501201642353719.html
002123,梦网科技,梦网科技:2025年1月19日投资者关系活动记录表,调研活动,2025-01-20,https://data.eastmoney.com/notices/detail/002123/AN202501201642353684.html
000338,潍柴动力,潍柴动力:2025年1月17日投资者关系活动记录表,调研活动,2025-01-20,https://data.eastmoney.com/notices/detail/000338/AN202501201642353622.html
000530,冰山冷热,冰山冷热:000530冰山冷热投资者关系管理信息20250120,调研活动,2025-01-20,https://data.eastmoney.com/notices/detail/000530/AN202501201642353591.html
002404,嘉欣丝绸,嘉欣丝绸:2025年1月17日投资者关系活动记录表,调研活动,2025-01-20,https://data.eastmoney.com/notices/detail/002404/AN202501201642352734.html
300765,石药创新,新诺威:北京中企华资产评估有限责任公司关于深圳证券交易所《关于石药创新制药股份有限公司发行股份购买资产并募集配套资金申请的审核问询函》的回复,问询函其他公告,2025-01-20,https://data.eastmoney.com/notices/detail/300765/AN202501201642351036.html
300765,石药创新,新诺威:国投证券股份有限公司、中信证券股份有限公司关于石药创新制药股份有限公司发行股份及支付现金购买资产并募集配套资金暨关联交易之独立财务顾问报告(修订稿),保荐/核查意见,2025-01-20,https://data.eastmoney.com/notices/detail/300765/AN202501201642351031.html
300666,江丰电子,江丰电子:关于签署静电吸盘项目之合作框架协议的公告,签订协议,2025-01-20,https://data.eastmoney.com/notices/detail/300666/AN202501201642351032.html
300765,石药创新,新诺威:北京市君泽君律师事务所关于石药创新制药股份有限公司发行股份及支付现金购买资产并募集配套资金暨关联交易之补充法律意见书(一),法律意见书,2025-01-20,https://data.eastmoney.com/notices/detail/300765/AN202501201642351029.html
300765,石药创新,新诺威:国投证券股份有限公司、中信证券股份有限公司关于深圳证券交易所《关于石药创新制药股份有限公司发行股份购买资产并募集配套资金申请的审核问询函》的回复之专项核查意见,保荐/核查意见,2025-01-20,https://data.eastmoney.com/notices/detail/300765/AN202501201642351033.html
300765,石药创新,新诺威:石药创新制药股份有限公司发行股份及支付现金购买资产并募集配套资金暨关联交易报告书(草案)摘要(修订稿),其他增发事项公告,2025-01-20,https://data.eastmoney.com/notices/detail/300765/AN202501201642351028.html
300765,石药创新,新诺威:石药创新制药股份有限公司关于深圳证券交易所《关于石药创新制药股份有限公司发行股份购买资产并募集配套资金申请的审核问询函》的回复,回复问询函公告,2025-01-20,https://data.eastmoney.com/notices/detail/300765/AN202501201642351034.html
300765,石药创新,新诺威:信永中和会计师事务所(特殊普通合伙)关于对深圳证券交易所《关于石药创新制药股份有限公司发行股份购买资产并募集配套资金申请的审核问询函》的回复,会计师事务所问询函回复公告,2025-01-20,https://data.eastmoney.com/notices/detail/300765/AN202501201642351035.html
300765,石药创新,新诺威:石药创新制药股份有限公司发行股份及支付现金购买资产并募集配套资金暨关联交易报告书(草案)(修订稿),其他增发事项公告,2025-01-20,https://data.eastmoney.com/notices/detail/300765/AN202501201642351037.html
300765,石药创新,新诺威:石药创新制药股份有限公司关于发行股份及支付现金购买资产并募集配套资金暨关联交易报告书(草案)(修订稿)修订说明的公告,其他增发事项公告,2025-01-20,https://data.eastmoney.com/notices/detail/300765/AN202501201642351030.html
002466,天齐锂业,天齐锂业:重要事项公告,其他,2025-01-20,https://data.eastmoney.com/notices/detail/002466/AN202501191642343151.html
002981,朝阳科技,朝阳科技:关于控股股东一致行动人减持股份的预披露公告,股东/实际控制人股份减持,2025-01-20,https://data.eastmoney.com/notices/detail/002981/AN202501191642342020.html
002760,凤形股份,凤形股份:关于股东减持计划的预披露公告,股东/实际控制人股份减持,2025-01-20,https://data.eastmoney.com/notices/detail/002760/AN202501191642342019.html
300223,君正股份,北京君正:关于公司股东股份减持计划预披露公告,股东/实际控制人股份减持,2025-01-20,https://data.eastmoney.com/notices/detail/300223/AN202501191642342018.html
301165,锐捷网络,锐捷网络:关于员工战略配售资管计划减持股份预披露的公告,股东/实际控制人股份减持,2025-01-20,https://data.eastmoney.com/notices/detail/301165/AN202501191642342015.html
001395,亚联机械,亚联机械:首次公开发行股票并在主板上市网下发行初步配售结果公告,网下中签及配售结果公告,2025-01-20,https://data.eastmoney.com/notices/detail/001395/AN202501191642341999.html
001395,亚联机械,亚联机械:首次公开发行股票并在主板上市网上摇号中签结果公告,网上摇号中签结果公告,2025-01-20,https://data.eastmoney.com/notices/detail/001395/AN202501191642342000.html
001356,富岭股份,富岭股份:首次公开发行股票并在主板上市招股说明书,首发招股说明书,2025-01-20,https://data.eastmoney.com/notices/detail/001356/AN202501191642342001.html
001356,富岭股份,富岭股份:首次公开发行股票并在主板上市发行结果公告,首发发行结果公告,2025-01-20,https://data.eastmoney.com/notices/detail/001356/AN202501191642341998.html
603201,常润股份,常润股份:独立董事提名人声明与承诺(陆大明),独立董事提名人声明,2025-01-20,https://data.eastmoney.com/notices/detail/603201/AN202501191642339798.html
603201,常润股份,常润股份:独立董事候选人声明与承诺(陆大明),独立董事候选人声明,2025-01-20,https://data.eastmoney.com/notices/detail/603201/AN202501191642339794.html
603201,常润股份,常润股份:常熟通润汽车零部件股份有限公司关于董事会、监事会换届选举的公告,高管人员任职变动,2025-01-20,https://data.eastmoney.com/notices/detail/603201/AN202501191642339799.html
603201,常润股份,常润股份:常熟通润汽车零部件股份有限公司第五届监事会第十八次会议决议公告,高管人员任职变动,2025-01-20,https://data.eastmoney.com/notices/detail/603201/AN202501191642339795.html
603201,常润股份,常润股份:独立董事候选人声明与承诺(佟成生),独立董事候选人声明,2025-01-20,https://data.eastmoney.com/notices/detail/603201/AN202501191642339796.html
603201,常润股份,常润股份:独立董事提名人声明与承诺(佟成生),独立董事提名人声明,2025-01-20,https://data.eastmoney.com/notices/detail/603201/AN202501191642339793.html
603201,常润股份,常润股份:常熟通润汽车零部件股份有限公司关于变更公司注册资本及修订《公司章程》并办理工商变更登记的公告,公司注册资本变更,2025-01-20,https://data.eastmoney.com/notices/detail/603201/AN202501191642339790.html
603201,常润股份,常润股份:独立董事提名人声明与承诺(沈同仙),独立董事提名人声明,2025-01-20,https://data.eastmoney.com/notices/detail/603201/AN202501191642339803.html
603201,常润股份,常润股份:常熟通润汽车零部件股份有限公司章程,公司章程,2025-01-20,https://data.eastmoney.com/notices/detail/603201/AN202501191642339802.html
603201,常润股份,常润股份:常熟通润汽车零部件股份有限公司关于变更签字注册会计师的公告,公司关联方基本资料变更,2025-01-20,https://data.eastmoney.com/notices/detail/603201/AN202501191642339797.html
603201,常润股份,常润股份:常熟通润汽车零部件股份有限公司第五届董事会第二十五次会议决议公告,高管人员任职变动,2025-01-20,https://data.eastmoney.com/notices/detail/603201/AN202501191642339801.html
603201,常润股份,常润股份:常熟通润汽车零部件股份有限公司关于聘任公司副总经理的公告,高管人员任职变动,2025-01-20,https://data.eastmoney.com/notices/detail/603201/AN202501191642339791.html
603201,常润股份,常润股份:独立董事候选人声明与承诺(沈同仙),独立董事候选人声明,2025-01-20,https://data.eastmoney.com/notices/detail/603201/AN202501191642339792.html
603201,常润股份,常润股份:常熟通润汽车零部件股份有限公司关于召开2025年第二次临时股东大会的通知,召开股东大会通知,2025-01-20,https://data.eastmoney.com/notices/detail/603201/AN202501191642339800.html
002656,摩登大道,*ST摩登:关于收到广东证监局责令改正措施决定后的进展暨重大风险提示的公告,风险提示性公告,2025-01-20,https://data.eastmoney.com/notices/detail/002656/AN202501191642339768.html
688766,普冉股份,普冉股份:普冉半导体(上海)股份有限公司监事会关于公司2025年限制性股票激励计划首次授予激励对象名单的审核意见及公示情况说明,股权激励进展公告,2025-01-20,https://data.eastmoney.com/notices/detail/688766/AN202501191642339760.html
603136,天目湖,天目湖:江苏天目湖旅游股份有限公司关于使用部分闲置募集资金进行现金管理的公告,投资理财,2025-01-20,https://data.eastmoney.com/notices/detail/603136/AN202501191642339341.html
603636,南威软件,南威软件:第五届董事会第七次会议决议公告,董事会决议公告,2025-01-20,https://data.eastmoney.com/notices/detail/603636/AN202501191642339284.html
600322,津投城开,津投城开:津投城开关于部分董事、监事、高级管理人员及相关人员增持公司股份计划实施结果的公告,股东/实际控制人股份增持,2025-01-20,https://data.eastmoney.com/notices/detail/600322/AN202501191642338656.html
600340,*ST华幸,华夏幸福:华夏幸福关于重大资产出售暨关联交易实施进展情况的公告(更正版),关联交易,2025-01-20,https://data.eastmoney.com/notices/detail/600340/AN202501191642338649.html
000883,湖北能源,湖北能源:湖北能源集团股份有限公司关于向特定对象发行股票申请获得深圳证券交易所受理的公告,其他,2025-01-20,https://data.eastmoney.com/notices/detail/000883/AN202501191642338636.html
000795,英洛华,英洛华:关于质量回报双提升行动方案的进展公告,其他,2025-01-20,https://data.eastmoney.com/notices/detail/000795/AN202501191642338632.html
300576,容大感光,容大感光:华泰联合证券有限责任公司关于深圳市容大感光科技股份有限公司使用募集资金对全资子公司增资实施募投项目的核查意见,保荐/核查意见,2025-01-20,https://data.eastmoney.com/notices/detail/300576/AN202501191642338619.html
002286,保龄宝,保龄宝:关于欧盟对中国赤藓糖醇反倾销调查终裁结果的公告,其他,2025-01-20,https://data.eastmoney.com/notices/detail/002286/AN202501191642338607.html
300576,容大感光,容大感光:华泰联合证券有限责任公司关于深圳市容大感光科技股份有限公司使用部分暂时闲置自有资金进行现金管理的核查意见,保荐/核查意见,2025-01-20,https://data.eastmoney.com/notices/detail/300576/AN202501191642338610.html
002930,宏川智慧,宏川智慧:关于调整公司组织架构的公告,其他,2025-01-20,https://data.eastmoney.com/notices/detail/002930/AN202501191642338615.html
002930,宏川智慧,宏川智慧:舆情管理制度(2025年1月),管理办法/制度,2025-01-20,https://data.eastmoney.com/notices/detail/002930/AN202501191642338616.html
300576,容大感光,容大感光:关于使用募集资金对全资子公司增资实施募投项目的公告,增资扩股,2025-01-20,https://data.eastmoney.com/notices/detail/300576/AN202501191642338621.html
300576,容大感光,容大感光:第五届监事会第十三次会议决议公告,监事会决议公告,2025-01-20,https://data.eastmoney.com/notices/detail/300576/AN202501191642338614.html
300576,容大感光,容大感光:第五届董事会第十六次会议决议公告,董事会决议公告,2025-01-20,https://data.eastmoney.com/notices/detail/300576/AN202501191642338617.html
300576,容大感光,容大感光:关于使用部分暂时闲置募集资金进行现金管理的公告,投资理财,2025-01-20,https://data.eastmoney.com/notices/detail/300576/AN202501191642338620.html
002930,宏川智慧,宏川智慧:第四届董事会第七次会议决议公告,董事会决议公告,2025-01-20,https://data.eastmoney.com/notices/detail/002930/AN202501191642338613.html
301508,中机认检,中机认检:中机寰宇认证检验股份有限公司关于智能应急装备检测产业园项目进展的公告,获得认证,2025-01-20,https://data.eastmoney.com/notices/detail/301508/AN202501191642338608.html
300902,国安达,国安达:国安达股份有限公司关于会计估计变更的公告,其他,2025-01-20,https://data.eastmoney.com/notices/detail/300902/AN202501191642338612.html
300902,国安达,国安达:国安达股份有限公司第四届监事会第二十一次会议决议公告,监事会决议公告,2025-01-20,https://data.eastmoney.com/notices/detail/300902/AN202501191642338611.html
300902,国安达,国安达:国安达股份有限公司第四届董事会第二十四次会议决议公告,董事会决议公告,2025-01-20,https://data.eastmoney.com/notices/detail/300902/AN202501191642338609.html
002068,黑猫股份,黑猫股份:关于控股子公司股权转让暨放弃优先受让权的公告,股权转让,2025-01-20,https://data.eastmoney.com/notices/detail/002068/AN202501191642338618.html
301365,矩阵股份,矩阵股份:关于使用部分闲置募集资金进行现金管理的进展公告,募集资金使用进展情况,2025-01-20,https://data.eastmoney.com/notices/detail/301365/AN202501191642338604.html
002567,唐人神,唐人神:关于闲置募集资金暂时补充流动资金全部归还的公告,募集资金补充流动资金,2025-01-20,https://data.eastmoney.com/notices/detail/002567/AN202501191642338605.html
002082,ST万邦,万邦德:关于子公司WP103药品获得美国FDA新药临床试验许可的公告,其他,2025-01-20,https://data.eastmoney.com/notices/detail/002082/AN202501191642338606.html
003001,中岩大地,中岩大地:关于2024年第四季度经营情况的公告,月度经营情况,2025-01-20,https://data.eastmoney.com/notices/detail/003001/AN202501191642338602.html
601211,国泰海通,国泰君安:东方证券股份有限公司关于国泰君安证券股份有限公司换股吸收合并海通证券股份有限公司并募集配套资金暨关联交易之独立财务顾问报告,保荐/核查意见,2025-01-20,https://data.eastmoney.com/notices/detail/601211/AN202501191642338589.html
601211,国泰海通,国泰君安:国泰君安证券股份有限公司换股吸收合并海通证券股份有限公司并募集配套资金暨关联交易报告书摘要,吸收合并报告书摘要,2025-01-20,https://data.eastmoney.com/notices/detail/601211/AN202501191642338591.html
601211,国泰海通,国泰君安:国泰君安证券股份有限公司换股吸收合并海通证券股份有限公司并募集配套资金暨关联交易报告书,吸收合并报告书,2025-01-20,https://data.eastmoney.com/notices/detail/601211/AN202501191642338588.html
601211,国泰海通,国泰君安:国泰君安证券股份有限公司关于换股吸收合并海通证券股份有限公司并募集配套资金暨关联交易报告书修订说明的公告,其他,2025-01-20,https://data.eastmoney.com/notices/detail/601211/AN202501191642338590.html
600837,海通证券,海通证券:国泰君安证券股份有限公司换股吸收合并海通证券股份有限公司并募集配套资金暨关联交易报告书,吸收合并报告书,2025-01-20,https://data.eastmoney.com/notices/detail/600837/AN202501191642338569.html
600837,海通证券,海通证券:中银国际证券股份有限公司关于国泰君安证券股份有限公司换股吸收合并海通证券股份有限公司并募集配套资金暨关联交易之独立财务顾问报告,保荐/核查意见,2025-01-20,https://data.eastmoney.com/notices/detail/600837/AN202501191642338568.html
600837,海通证券,海通证券:国泰君安证券股份有限公司换股吸收合并海通证券股份有限公司并募集配套资金暨关联交易报告书摘要,吸收合并报告书摘要,2025-01-20,https://data.eastmoney.com/notices/detail/600837/AN202501191642338567.html
600837,海通证券,海通证券:海通证券股份有限公司关于国泰君安证券股份有限公司换股吸收合并海通证券股份有限公司并募集配套资金暨关联交易报告书修订说明的公告,其他,2025-01-20,https://data.eastmoney.com/notices/detail/600837/AN202501191642338566.html
600810,神马股份,神马股份:神马股份2024年年度业绩预减公告,业绩预告,2025-01-20,https://data.eastmoney.com/notices/detail/600810/AN202501191642338563.html
600538,国发股份,国发股份:关于董事增持公司股份计划的公告,股东/实际控制人股份增持,2025-01-20,https://data.eastmoney.com/notices/detail/600538/AN202501191642338562.html
688172,燕东微,燕东微:2025年第一次临时股东大会决议公告,增发预案,2025-01-20,https://data.eastmoney.com/notices/detail/688172/AN202501191642338216.html
688172,燕东微,燕东微:北京市大嘉律师事务所关于北京燕东微电子股份有限公司2025年第一次临时股东大会的法律意见书,法律意见书,2025-01-20,https://data.eastmoney.com/notices/detail/688172/AN202501191642338215.html
301518,长华化学,长华化学:2024年第三季度报告(更正版),三季度报告全文,2025-01-20,https://data.eastmoney.com/notices/detail/301518/AN202501191642338205.html
002969,嘉美包装,嘉美包装:关于为子公司担保的进展公告,提供/对外担保公告,2025-01-20,https://data.eastmoney.com/notices/detail/002969/AN202501191642338185.html
002640,跨境通,跨境通:关于债权人向法院申请公司重整及预重整的进展公告,重组进展公告,2025-01-20,https://data.eastmoney.com/notices/detail/002640/AN202501191642338198.html
002803,吉宏股份,吉宏股份:关于控股股东、实际控制人股份解除冻结的公告-20250117,股份质押、冻结,2025-01-20,https://data.eastmoney.com/notices/detail/002803/AN202501191642338207.html
002917,金奥博,金奥博:股票交易异常波动公告,股票交易异常波动,2025-01-20,https://data.eastmoney.com/notices/detail/002917/AN202501191642338203.html
002730,电光科技,电光科技:电光防爆科技股份有限公司股票交易异常波动公告,股票交易异常波动,2025-01-20,https://data.eastmoney.com/notices/detail/002730/AN202501191642338188.html
002578,闽发铝业,闽发铝业:关于股价异动的公告,股票交易异常波动,2025-01-20,https://data.eastmoney.com/notices/detail/002578/AN202501191642338208.html
002543,万和电气,万和电气:关于股票交易异常波动的公告,股票交易异常波动,2025-01-20,https://data.eastmoney.com/notices/detail/002543/AN202501191642338184.html
002861,瀛通通讯,瀛通通讯:关于股票交易异常波动的公告,股票交易异常波动,2025-01-20,https://data.eastmoney.com/notices/detail/002861/AN202501191642338202.html
000880,潍柴重机,潍柴重机:潍柴重机股份有限公司2024年中期利润分配实施公告,分配方案实施,2025-01-20,https://data.eastmoney.com/notices/detail/000880/AN202501191642338191.html
002708,光洋股份,光洋股份:关于实际控制人签署股权转让协议的进展公告,签订协议,2025-01-20,https://data.eastmoney.com/notices/detail/002708/AN202501191642338199.html
002639,雪人集团,雪人股份:关于第四期员工持股计划锁定期届满的公告,员工持股计划,2025-01-20,https://data.eastmoney.com/notices/detail/002639/AN202501191642338196.html
002903,宇环数控,宇环数控:关于完成对子公司增资暨工商变更登记的公告,增资扩股,2025-01-20,https://data.eastmoney.com/notices/detail/002903/AN202501191642338177.html
002003,伟星股份,伟星股份:关于第五期股权激励计划第三个限售期股票解除限售并上市流通的提示性公告,限售股份上市流通,2025-01-20,https://data.eastmoney.com/notices/detail/002003/AN202501191642338201.html
002767,先锋电子,先锋电子:股票交易异常波动公告,股票交易异常波动,2025-01-20,https://data.eastmoney.com/notices/detail/002767/AN202501191642338176.html
002683,广东宏大,广东宏大:广东宏大控股集团股份有限公司重大资产购买报告书(草案)摘要(修订稿),要约收购报告书摘要,2025-01-20,https://data.eastmoney.com/notices/detail/002683/AN202501191642338187.html
002683,广东宏大,广东宏大:中信证券股份有限公司关于广东宏大控股集团股份有限公司本次重组相关主体买卖股票情况自查报告的核查意见,保荐/核查意见,2025-01-20,https://data.eastmoney.com/notices/detail/002683/AN202501191642338197.html
002683,广东宏大,广东宏大:中信证券股份有限公司关于广东宏大控股集团股份有限公司重大资产购买之独立财务顾问报告(修订稿),保荐/核查意见,2025-01-20,https://data.eastmoney.com/notices/detail/002683/AN202501191642338190.html
002683,广东宏大,广东宏大:北京市君合律师事务所关于广东宏大控股集团股份有限公司重大资产购买相关主体买卖股票情况的自查报告之核查意见,保荐/核查意见,2025-01-20,https://data.eastmoney.com/notices/detail/002683/AN202501191642338179.html
002683,广东宏大,广东宏大:广东宏大控股集团股份有限公司重大资产购买报告书(草案)(修订稿),要约收购报告书,2025-01-20,https://data.eastmoney.com/notices/detail/002683/AN202501191642338192.html
002683,广东宏大,广东宏大:关于本次重组相关主体买卖股票情况的自查报告的公告,自查报告,2025-01-20,https://data.eastmoney.com/notices/detail/002683/AN202501191642338180.html
002683,广东宏大,广东宏大:关于重大资产购买报告书(草案)(修订稿)修订说明的公告,其他,2025-01-20,https://data.eastmoney.com/notices/detail/002683/AN202501191642338193.html
002909,集泰股份,集泰股份:关于控股股东部分股份解除质押、质押展期及质押的公告,股份质押、冻结,2025-01-20,https://data.eastmoney.com/notices/detail/002909/AN202501191642338189.html
000657,中钨高新,中钨高新:中钨高新材料股份有限公司发行股份及支付现金购买资产并募集配套资金暨关联交易实施情况暨新增股份上市公告书,增发上市公告书,2025-01-20,https://data.eastmoney.com/notices/detail/000657/AN202501191642338178.html
000657,中钨高新,中钨高新:北京市金杜律师事务所关于中钨高新材料股份有限公司发行股份及支付现金购买资产并募集配套资金暨关联交易之实施情况的法律意见书,法律意见书,2025-01-20,https://data.eastmoney.com/notices/detail/000657/AN202501191642338183.html
000657,中钨高新,中钨高新:验资报告(众环验字(2024)0200041),保荐/核查意见,2025-01-20,https://data.eastmoney.com/notices/detail/000657/AN202501191642338195.html
000657,中钨高新,中钨高新:中信证券股份有限公司关于中钨高新材料股份有限公司发行股份及支付现金购买资产并募集配套资金暨关联交易实施情况之独立财务顾问核查意见,保荐/核查意见,2025-01-20,https://data.eastmoney.com/notices/detail/000657/AN202501191642338182.html
000657,中钨高新,中钨高新:中钨高新材料股份有限公司发行股份及支付现金购买资产并募集配套资金暨关联交易实施情况暨新增股份上市公告书摘要,增发上市公告书（摘要）,2025-01-20,https://data.eastmoney.com/notices/detail/000657/AN202501191642338204.html
300437,清水源,清水源:关于收到中国证监会河南监管局行政监管措施决定书的公告,其他,2025-01-20,https://data.eastmoney.com/notices/detail/300437/AN202501191642338200.html
300437,清水源,清水源:关于公司收到中国证券监督管理委员会立案告知书的公告,其他,2025-01-20,https://data.eastmoney.com/notices/detail/300437/AN202501191642338209.html
301518,长华化学,长华化学:2024年半年度报告(更正版),半年度报告全文,2025-01-20,https://data.eastmoney.com/notices/detail/301518/AN202501191642338194.html
301518,长华化学,长华化学:2024年半年度报告摘要(更正版),半年度报告摘要,2025-01-20,https://data.eastmoney.com/notices/detail/301518/AN202501191642338181.html
301518,长华化学,长华化学:关于2024年半年度报告及其摘要与2024年第三季度报告更正公告,半年报更正公告,2025-01-20,https://data.eastmoney.com/notices/detail/301518/AN202501191642338206.html
301001,凯淳股份,凯淳股份:关于持股5%以上股东减持股份预披露的公告,股东/实际控制人股份减持,2025-01-20,https://data.eastmoney.com/notices/detail/301001/AN202501191642338174.html
300296,利亚德,利亚德:关于利德转债摘牌的公告,其他,2025-01-20,https://data.eastmoney.com/notices/detail/300296/AN202501191642338186.html
300296,利亚德,利亚德:关于利德转债赎回结果的公告,其他,2025-01-20,https://data.eastmoney.com/notices/detail/300296/AN202501191642338175.html
688478,晶升股份,晶升股份:南京晶升装备股份有限公司关于注销部分理财产品专用结算账户的公告,其他,2025-01-20,https://data.eastmoney.com/notices/detail/688478/AN202501191642338172.html
688259,创耀科技,创耀科技:2024年前三季度权益分派实施公告,分配方案实施,2025-01-20,https://data.eastmoney.com/notices/detail/688259/AN202501191642338171.html
688259,创耀科技,创耀科技:海通证券股份有限公司关于创耀(苏州)通信科技股份有限公司差异化分红事项的核查意见,保荐/核查意见,2025-01-20,https://data.eastmoney.com/notices/detail/688259/AN202501191642338173.html
603798,康普顿,康普顿:青岛康普顿科技股份有限公司2024年中期利润分配预案的公告,分配预案,2025-01-20,https://data.eastmoney.com/notices/detail/603798/AN202501191642338165.html
603979,金诚信,金诚信:金诚信关于增补非独立董事的公告,高管人员任职变动,2025-01-20,https://data.eastmoney.com/notices/detail/603979/AN202501191642338160.html
603979,金诚信,金诚信:金诚信关于召开2025年第一次临时股东大会的通知,召开股东大会通知,2025-01-20,https://data.eastmoney.com/notices/detail/603979/AN202501191642338169.html
603979,金诚信,金诚信:金诚信矿业管理股份有限公司董事、监事及高级管理人员薪酬及考核管理办法,管理办法/制度,2025-01-20,https://data.eastmoney.com/notices/detail/603979/AN202501191642338161.html
603798,康普顿,康普顿:青岛康普顿科技股份有限公司第五届董事会第十四次会议决议公告,分配预案,2025-01-20,https://data.eastmoney.com/notices/detail/603798/AN202501191642338159.html
601678,滨化股份,滨化股份:滨化股份关于权益分派后调整回购股份价格上限的公告,分配预案,2025-01-20,https://data.eastmoney.com/notices/detail/601678/AN202501191642337554.html
603595,ST东尼,东尼电子:东尼电子2024年年度业绩预盈公告,业绩预告,2025-01-20,https://data.eastmoney.com/notices/detail/603595/AN202501191642337547.html
603186,华正新材,华正新材:浙江华正新材料股份有限公司关于“华正转债”付息公告,其他,2025-01-20,https://data.eastmoney.com/notices/detail/603186/AN202501191642338158.html
601816,京沪高铁,京沪高铁:法律意见书,法律意见书,2025-01-20,https://data.eastmoney.com/notices/detail/601816/AN202501191642337543.html
600219,南山铝业,南山铝业:山东南山铝业股份有限公司2024年度业绩预增公告,业绩预告,2025-01-20,https://data.eastmoney.com/notices/detail/600219/AN202501191642337552.html
600289,ST信通,*ST信通:亿阳信通关于公司部分募集资金被扣划的公告,其他,2025-01-20,https://data.eastmoney.com/notices/detail/600289/AN202501191642338163.html
605319,无锡振华,无锡振华:关于2024年度业绩预增的公告,业绩预告,2025-01-20,https://data.eastmoney.com/notices/detail/605319/AN202501191642338168.html
601678,滨化股份,滨化股份:滨化股份2024年前三季度权益分派实施公告,分配方案实施,2025-01-20,https://data.eastmoney.com/notices/detail/601678/AN202501191642337551.html
603595,ST东尼,东尼电子:东尼电子关于控股股东部分股份质押及解质的公告,股份质押、冻结,2025-01-20,https://data.eastmoney.com/notices/detail/603595/AN202501191642337555.html
603979,金诚信,金诚信:金诚信第五届董事会第十八次会议决议公告,高管人员任职变动,2025-01-20,https://data.eastmoney.com/notices/detail/603979/AN202501191642338157.html
603798,康普顿,康普顿:青岛康普顿科技股份有限公司关于召开2025年第一次临时股东会的通知,召开股东大会通知,2025-01-20,https://data.eastmoney.com/notices/detail/603798/AN202501191642337546.html
600755,厦门国贸,厦门国贸:厦门国贸集团股份有限公司2024年中期权益分派实施公告,分配方案实施,2025-01-20,https://data.eastmoney.com/notices/detail/600755/AN202501191642337542.html
600420,国药现代,国药现代:2024年度业绩预告,业绩预告,2025-01-20,https://data.eastmoney.com/notices/detail/600420/AN202501191642338167.html
600329,达仁堂,达仁堂:天津行通律师事务所关于津药达仁堂集团股份有限公司第六次回购并注销部分限制性股票有关事项的法律意见书,法律意见书,2025-01-20,https://data.eastmoney.com/notices/detail/600329/AN202501191642337545.html
603979,金诚信,金诚信:刚果(金)龙溪铜矿东区采选工程可行性研究,其他,2025-01-20,https://data.eastmoney.com/notices/detail/603979/AN202501191642338170.html
603979,金诚信,金诚信:金诚信第五届监事会第十五次会议决议公告,监事会决议公告,2025-01-20,https://data.eastmoney.com/notices/detail/603979/AN202501191642338164.html
600329,达仁堂,达仁堂:达仁堂2019年A股限制性股票激励计划回购注销实施公告,回购实施公告,2025-01-20,https://data.eastmoney.com/notices/detail/600329/AN202501191642337553.html
603186,华正新材,华正新材:浙江华正新材料股份有限公司关于公司在泰国投资新建生产基地的进展公告,投资设立公司,2025-01-20,https://data.eastmoney.com/notices/detail/603186/AN202501191642337556.html
603798,康普顿,康普顿:青岛康普顿科技股份有限公司2025年第一次临时股东会会议材料,股东大会资料,2025-01-20,https://data.eastmoney.com/notices/detail/603798/AN202501191642337548.html
601816,京沪高铁,京沪高铁:京沪高速铁路股份有限公司2025年第一次临时股东大会决议公告,股东大会决议公告,2025-01-20,https://data.eastmoney.com/notices/detail/601816/AN202501191642338162.html
603979,金诚信,金诚信:金诚信关于投资建设Lonshi(龙溪)铜矿东区采选工程的公告,对外项目投资,2025-01-20,https://data.eastmoney.com/notices/detail/603979/AN202501191642337544.html
601816,京沪高铁,京沪高铁:京沪高速铁路股份有限公司第五届董事会第四次会议决议公告,高管人员任职变动,2025-01-20,https://data.eastmoney.com/notices/detail/601816/AN202501191642337549.html
601678,滨化股份,滨化股份:北京植德律师事务所关于滨化集团股份有限公司差异化分红事项之法律意见书,法律意见书,2025-01-20,https://data.eastmoney.com/notices/detail/601678/AN202501191642337550.html
603186,华正新材,华正新材:浙江华正新材料股份有限公司关于为全资子公司提供担保的公告,提供/对外担保公告,2025-01-20,https://data.eastmoney.com/notices/detail/603186/AN202501191642338166.html
605020,永和股份,永和股份:浙江永和制冷股份有限公司2024年年度业绩预增公告,业绩预告,2025-01-20,https://data.eastmoney.com/notices/detail/605020/AN202501191642337536.html
605008,长鸿高科,长鸿高科:关于为控股子公司提供银行授信担保的进展公告,提供/对外担保公告,2025-01-20,https://data.eastmoney.com/notices/detail/605008/AN202501191642337537.html
688302,海创药业,海创药业:自愿披露关于HP515片中国临床试验完成首例受试者入组的公告,其他,2025-01-20,https://data.eastmoney.com/notices/detail/688302/AN202501191642337541.html
688776,国光电气,国光电气:国光电气关于2024年前三季度权益分派实施公告,分配方案实施,2025-01-20,https://data.eastmoney.com/notices/detail/688776/AN202501191642337540.html
600018,上港集团,上港集团:上港集团2024年度业绩快报公告,业绩快报,2025-01-20,https://data.eastmoney.com/notices/detail/600018/AN202501191642337538.html
600809,山西汾酒,山西汾酒:2024年中期权益分派实施公告,分配方案实施,2025-01-20,https://data.eastmoney.com/notices/detail/600809/AN202501191642337539.html
688410,山外山,山外山:2024年年度业绩预减公告,业绩预告,2025-01-20,https://data.eastmoney.com/notices/detail/688410/AN202501191642337535.html
688411,海博思创,海博思创:海博思创首次公开发行股票并在科创板上市网下初步配售结果及网上中签结果公告,网下中签及配售结果公告,2025-01-20,https://data.eastmoney.com/notices/detail/688411/AN202501191642337534.html
